2025-09-29 16:30:23,622 - INFO - [MainThread] - organize_documents:977 - Iniciando organización de documentos
2025-09-29 16:30:23,622 - INFO - [MainThread] - organize_documents:978 - Origen: /home/roddek-dev/Escritorio/Develop/Organizador Archivos/test
2025-09-29 16:30:23,622 - INFO - [MainThread] - organize_documents:979 - Destino: /home/roddek-dev/Escritorio/Develop/Organizador Archivos/test_destino
2025-09-29 16:30:23,622 - INFO - [MainThread] - organize_documents:980 - Modo: COPY
2025-09-29 16:30:23,623 - INFO - [MainThread] - organize_documents:986 - Encontrados 2 archivos para procesar
2025-09-29 16:30:23,623 - INFO - [MainThread] - organize_documents:993 - Usando 6 hilos para procesamiento
2025-09-29 16:30:23,627 - INFO - [ThreadPoolExecutor-0_1] - classify_file:553 - Código de formato detectado: GAF-JTH-PD-01-FT-04 -> Categoría 00 en GAF-JTH-PD-01-FT-04 - Check List.pdf
2025-09-29 16:30:23,629 - WARNING - [ThreadPoolExecutor-0_0] - classify_file:574 - ELIMINACIÓN INMEDIATA: Categoría 03 eliminada por contener 'hoja de vida' en nombre de archivo: 2. Hoja de vida.pdf
2025-09-29 16:30:23,634 - INFO - [ThreadPoolExecutor-0_1] - process_file:954 - Archivo procesado: GAF-JTH-PD-01-FT-04 - Check List.pdf -> 00 (nombre_archivo)
2025-09-29 16:30:23,634 - INFO - [ThreadPoolExecutor-0_0] - process_file:954 - Archivo procesado: 2. Hoja de vida.pdf -> 02 (nombre_archivo)
2025-09-29 16:30:23,635 - INFO - [MainThread] - save_results_csv:1023 - Resultados guardados en: resultados.csv
2025-09-29 16:36:29,707 - INFO - [MainThread] - organize_documents:977 - Iniciando organización de documentos
2025-09-29 16:36:29,707 - INFO - [MainThread] - organize_documents:978 - Origen: /home/roddek-dev/Escritorio/Documentos_Desordenados
2025-09-29 16:36:29,707 - INFO - [MainThread] - organize_documents:979 - Destino: /home/roddek-dev/Escritorio/Documentos_Organizados
2025-09-29 16:36:29,707 - INFO - [MainThread] - organize_documents:980 - Modo: COPY
2025-09-29 16:36:29,744 - INFO - [MainThread] - organize_documents:986 - Encontrados 53 archivos para procesar
2025-09-29 16:36:29,744 - INFO - [MainThread] - organize_documents:993 - Usando 6 hilos para procesamiento
2025-09-29 16:36:30,952 - WARNING - [ThreadPoolExecutor-0_0] - classify_file:780 - Penalización por ambigüedad: -6 puntos para 9. Medidas correctivas Carlos Bautista.pdf
2025-09-29 16:36:31,062 - INFO - [ThreadPoolExecutor-0_0] - process_file:954 - Archivo procesado: 9. Medidas correctivas Carlos Bautista.pdf -> 15 (contenido)
2025-09-29 16:36:32,553 - WARNING - [ThreadPoolExecutor-0_3] - classify_file:780 - Penalización por ambigüedad: -6 puntos para 22. CONTRATO-PROFESIONAL FUENTES DE INFORMACION ANTICONTRABANDO.Firmado.pdf
2025-09-29 16:36:32,721 - INFO - [ThreadPoolExecutor-0_3] - process_file:954 - Archivo procesado: 22. CONTRATO-PROFESIONAL FUENTES DE INFORMACION ANTICONTRABANDO.Firmado.pdf -> 09 (contenido)
2025-09-29 16:36:34,007 - INFO - [ThreadPoolExecutor-0_3] - classify_file:667 - Código de formato detectado en contenido: GAF-JTH-PD-02-FT-07 -> Categoría 28 en 26.1 EVALUACIÓN PERIODO DE PRUEBA CARLOS BAUTISTA.pdf
2025-09-29 16:36:35,784 - INFO - [ThreadPoolExecutor-0_3] - classify_file:721 - Código de formato detectado en OCR: GAF-JTH-PD-02-FT-07 -> Categoría 28 en 26.1 EVALUACIÓN PERIODO DE PRUEBA CARLOS BAUTISTA.pdf
2025-09-29 16:36:35,936 - INFO - [ThreadPoolExecutor-0_3] - process_file:954 - Archivo procesado: 26.1 EVALUACIÓN PERIODO DE PRUEBA CARLOS BAUTISTA.pdf -> 28 (contenido)
2025-09-29 16:36:36,025 - WARNING - [ThreadPoolExecutor-0_0] - classify_file:574 - ELIMINACIÓN INMEDIATA: Categoría 03 eliminada por contener 'hoja de vida' en nombre de archivo: 2. Hoja de vida.pdf
2025-09-29 16:36:37,486 - INFO - [ThreadPoolExecutor-0_3] - process_file:954 - Archivo procesado: 18. Afiliación EPS - Carlos Andrés Bautista González.pdf -> 05 (contenido)
2025-09-29 16:36:38,636 - INFO - [ThreadPoolExecutor-0_3] - classify_file:667 - Código de formato detectado en contenido: GAF-JTH-SST-PD-07-FT-02 -> Categoría 24 en 26.3 Recomendaciones CARLOS ANDRES BAUTISTA GONZALEZ (1).pdf
2025-09-29 16:36:39,807 - INFO - [ThreadPoolExecutor-0_3] - classify_file:721 - Código de formato detectado en OCR: GAF-JTH-SST-PD-07-FT-02 -> Categoría 24 en 26.3 Recomendaciones CARLOS ANDRES BAUTISTA GONZALEZ (1).pdf
2025-09-29 16:36:39,901 - INFO - [ThreadPoolExecutor-0_3] - process_file:954 - Archivo procesado: 26.3 Recomendaciones CARLOS ANDRES BAUTISTA GONZALEZ (1).pdf -> 24 (contenido)
2025-09-29 16:36:45,174 - DEBUG - [ThreadPoolExecutor-0_2] - extract_text_with_ocr:324 - OCR exitoso en PDF: 25.  EXAMEN MÉDICO INGRESO CARLOS BAUTISTA.pdf (1841 chars)
2025-09-29 16:36:45,282 - INFO - [ThreadPoolExecutor-0_2] - process_file:954 - Archivo procesado: 25.  EXAMEN MÉDICO INGRESO CARLOS BAUTISTA.pdf -> 11 (ocr)
2025-09-29 16:36:50,339 - DEBUG - [ThreadPoolExecutor-0_5] - extract_text_with_ocr:324 - OCR exitoso en PDF: 13. Declaración de inhabilidad.pdf (2171 chars)
2025-09-29 16:36:50,349 - INFO - [ThreadPoolExecutor-0_5] - process_file:954 - Archivo procesado: 13. Declaración de inhabilidad.pdf -> 22 (ocr)
2025-09-29 16:36:50,659 - DEBUG - [ThreadPoolExecutor-0_1] - extract_text_with_ocr:324 - OCR exitoso en PDF: 8. CERT. ANTECEDENTES PONAL CARLOS BAUTISTA.pdf (1634 chars)
2025-09-29 16:36:50,664 - WARNING - [ThreadPoolExecutor-0_1] - classify_file:780 - Penalización por ambigüedad: -6 puntos para 8. CERT. ANTECEDENTES PONAL CARLOS BAUTISTA.pdf
2025-09-29 16:36:50,665 - INFO - [ThreadPoolExecutor-0_1] - process_file:954 - Archivo procesado: 8. CERT. ANTECEDENTES PONAL CARLOS BAUTISTA.pdf -> 14 (ocr)
2025-09-29 16:36:53,222 - DEBUG - [ThreadPoolExecutor-0_2] - extract_text_with_ocr:324 - OCR exitoso en PDF: 5. FOTOCOPIA CC CARLOS BAUTISTA.pdf (338 chars)
2025-09-29 16:36:53,308 - INFO - [ThreadPoolExecutor-0_2] - process_file:954 - Archivo procesado: 5. FOTOCOPIA CC CARLOS BAUTISTA.pdf -> 10 (nombre_archivo)
2025-09-29 16:36:56,254 - DEBUG - [ThreadPoolExecutor-0_3] - extract_text_with_ocr:324 - OCR exitoso en PDF: 3. Certificados estudios.pdf (1675 chars)
2025-09-29 16:36:56,422 - INFO - [ThreadPoolExecutor-0_3] - process_file:954 - Archivo procesado: 3. Certificados estudios.pdf -> 03 (ocr)
2025-09-29 16:36:56,773 - INFO - [ThreadPoolExecutor-0_3] - classify_file:553 - Código de formato detectado: GAF-JTH-PD-01-FT-08 -> Categoría 39 en 0.1 GAF-JTH-PD-01-FT-08 Formato Análisis de formación y experiencia (1).xlsx
2025-09-29 16:36:57,586 - INFO - [ThreadPoolExecutor-0_3] - classify_file:667 - Código de formato detectado en contenido: GAF-JTH-PD-01-FT-08 -> Categoría 39 en 0.1 GAF-JTH-PD-01-FT-08 Formato Análisis de formación y experiencia (1).xlsx
2025-09-29 16:36:57,649 - INFO - [ThreadPoolExecutor-0_3] - process_file:954 - Archivo procesado: 0.1 GAF-JTH-PD-01-FT-08 Formato Análisis de formación y experiencia (1).xlsx -> 39 (contenido)
2025-09-29 16:36:57,970 - INFO - [ThreadPoolExecutor-0_3] - classify_file:667 - Código de formato detectado en contenido: GAF-JTH-PD-Ol-FT-03 -> Categoría 19 en 23. SOPORTE INDUCCIÓN REINDUCCIÓN - CARLOS ANDRES BAUTISTA.pdf
2025-09-29 16:36:58,490 - INFO - [ThreadPoolExecutor-0_3] - classify_file:721 - Código de formato detectado en OCR: GAF-JTH-PD-Ol-FT-03 -> Categoría 19 en 23. SOPORTE INDUCCIÓN REINDUCCIÓN - CARLOS ANDRES BAUTISTA.pdf
2025-09-29 16:36:58,539 - INFO - [ThreadPoolExecutor-0_3] - process_file:954 - Archivo procesado: 23. SOPORTE INDUCCIÓN REINDUCCIÓN - CARLOS ANDRES BAUTISTA.pdf -> 19 (contenido)
2025-09-29 16:36:59,914 - INFO - [ThreadPoolExecutor-0_3] - process_file:954 - Archivo procesado: 26.2 Concepto CARLOS ANDRES BAUTISTA GONZALEZ.PDF -> 24 (contenido)
2025-09-29 16:36:59,924 - ERROR - [ThreadPoolExecutor-0_3] - extract_text_from_pdf:246 - Error extrayendo texto de PDF /home/roddek-dev/Escritorio/Documentos_Desordenados/BAUTISTA GONZÁLEZ CARLOS ANDRÉS - CC 1023902294-20250925T222835Z-1-001/BAUTISTA GONZÁLEZ CARLOS ANDRÉS - CC 1023902294/21. AFILIACION CCF CARLOS ANDRES BAUTISTA.pdf: 
2025-09-29 16:36:59,929 - WARNING - [ThreadPoolExecutor-0_3] - is_pdf_scanned:198 - Error verificando PDF escaneado /home/roddek-dev/Escritorio/Documentos_Desordenados/BAUTISTA GONZÁLEZ CARLOS ANDRÉS - CC 1023902294-20250925T222835Z-1-001/BAUTISTA GONZÁLEZ CARLOS ANDRÉS - CC 1023902294/21. AFILIACION CCF CARLOS ANDRES BAUTISTA.pdf: 
2025-09-29 16:36:59,974 - ERROR - [ThreadPoolExecutor-0_3] - extract_text_with_ocr:328 - Error convirtiendo PDF para OCR /home/roddek-dev/Escritorio/Documentos_Desordenados/BAUTISTA GONZÁLEZ CARLOS ANDRÉS - CC 1023902294-20250925T222835Z-1-001/BAUTISTA GONZÁLEZ CARLOS ANDRÉS - CC 1023902294/21. AFILIACION CCF CARLOS ANDRES BAUTISTA.pdf: Unable to get page count.
Command Line Error: Incorrect password

2025-09-29 16:36:59,981 - INFO - [ThreadPoolExecutor-0_3] - process_file:954 - Archivo procesado: 21. AFILIACION CCF CARLOS ANDRES BAUTISTA.pdf -> 07 (nombre_archivo)
2025-09-29 16:37:01,207 - INFO - [ThreadPoolExecutor-0_3] - process_file:954 - Archivo procesado: 26.5 Diploma Magíster en Inteligencia de Negocios.pdf -> 03 (contenido)
2025-09-29 16:37:01,228 - DEBUG - [ThreadPoolExecutor-0_5] - extract_text_with_ocr:324 - OCR exitoso en PDF: 10. CERT. BANCARIA CARLOS BAUTISTA.pdf (1132 chars)
2025-09-29 16:37:01,231 - WARNING - [ThreadPoolExecutor-0_5] - classify_file:780 - Penalización por ambigüedad: -6 puntos para 10. CERT. BANCARIA CARLOS BAUTISTA.pdf
2025-09-29 16:37:01,252 - INFO - [ThreadPoolExecutor-0_5] - process_file:954 - Archivo procesado: 10. CERT. BANCARIA CARLOS BAUTISTA.pdf -> 16 (ocr)
2025-09-29 16:37:03,380 - DEBUG - [ThreadPoolExecutor-0_1] - extract_text_with_ocr:324 - OCR exitoso en PDF: 19. FP CARLOS BAUTISTA.pdf (758 chars)
2025-09-29 16:37:03,518 - INFO - [ThreadPoolExecutor-0_1] - process_file:954 - Archivo procesado: 19. FP CARLOS BAUTISTA.pdf -> 08 (ocr)
2025-09-29 16:37:04,195 - DEBUG - [ThreadPoolExecutor-0_0] - extract_text_with_ocr:324 - OCR exitoso en PDF: 2. Hoja de vida.pdf (1930 chars)
2025-09-29 16:37:04,305 - INFO - [ThreadPoolExecutor-0_0] - process_file:954 - Archivo procesado: 2. Hoja de vida.pdf -> 02 (ocr)
2025-09-29 16:37:05,400 - INFO - [ThreadPoolExecutor-0_1] - classify_file:667 - Código de formato detectado en contenido: GAF-JTH-SST-PD-07-FT-02 -> Categoría 24 en 26. CARTA RECOMENDACIONES MÉDICAS CARLOS ANDRES BAUTISTA.pdf
2025-09-29 16:37:06,164 - INFO - [ThreadPoolExecutor-0_0] - classify_file:667 - Código de formato detectado en contenido: GAF-JTH-PD-02-FT-11 -> Categoría 16 en 26.4 CAMBIO CUENTA CARLOS BAUTISTA ENERO2024.pdf
2025-09-29 16:37:06,318 - DEBUG - [ThreadPoolExecutor-0_4] - extract_text_with_ocr:324 - OCR exitoso en PDF: 12. FORMATO AUTORIZACION TRATAMIENTO DE DATOS CARLOS BAUTISTA.pdf (2500 chars)
2025-09-29 16:37:06,432 - INFO - [ThreadPoolExecutor-0_4] - process_file:954 - Archivo procesado: 12. FORMATO AUTORIZACION TRATAMIENTO DE DATOS CARLOS BAUTISTA.pdf -> 21 (ocr)
2025-09-29 16:37:07,055 - INFO - [ThreadPoolExecutor-0_0] - classify_file:721 - Código de formato detectado en OCR: GAF-JTH-PD-02-FT-11 -> Categoría 16 en 26.4 CAMBIO CUENTA CARLOS BAUTISTA ENERO2024.pdf
2025-09-29 16:37:07,248 - INFO - [ThreadPoolExecutor-0_0] - process_file:954 - Archivo procesado: 26.4 CAMBIO CUENTA CARLOS BAUTISTA ENERO2024.pdf -> 16 (contenido)
2025-09-29 16:37:07,497 - INFO - [ThreadPoolExecutor-0_1] - classify_file:721 - Código de formato detectado en OCR: GAF-JTH-SST-PD-07-FT-02 -> Categoría 24 en 26. CARTA RECOMENDACIONES MÉDICAS CARLOS ANDRES BAUTISTA.pdf
2025-09-29 16:37:07,545 - INFO - [ThreadPoolExecutor-0_1] - process_file:954 - Archivo procesado: 26. CARTA RECOMENDACIONES MÉDICAS CARLOS ANDRES BAUTISTA.pdf -> 24 (contenido)
2025-09-29 16:37:08,014 - WARNING - [ThreadPoolExecutor-0_1] - classify_file:675 - ELIMINACIÓN INMEDIATA: Categoría 03 eliminada por contenido con 'hoja de vida': 0. LISTA DE CHEQUEO BAUTISTA GONZALEZ CARLOS ANDRES 14-11-2023.xlsx
2025-09-29 16:37:08,067 - INFO - [ThreadPoolExecutor-0_1] - process_file:954 - Archivo procesado: 0. LISTA DE CHEQUEO BAUTISTA GONZALEZ CARLOS ANDRES 14-11-2023.xlsx -> 00 (contenido)
2025-09-29 16:37:08,805 - INFO - [ThreadPoolExecutor-0_4] - classify_file:667 - Código de formato detectado en contenido: GRH-PD-02-FT-07 -> Categoría 01 en 1. FORMATO REQUISICION DE PERSONAL-Profesional Fuentes de Infomación Anticontrabando.pdf
2025-09-29 16:37:09,291 - DEBUG - [ThreadPoolExecutor-0_3] - extract_text_with_ocr:339 - OCR exitoso en imagen: 17. FOTO.jpeg (368 chars)
2025-09-29 16:37:09,435 - INFO - [ThreadPoolExecutor-0_3] - process_file:954 - Archivo procesado: 17. FOTO.jpeg -> 20 (nombre_archivo)
2025-09-29 16:37:10,584 - INFO - [ThreadPoolExecutor-0_4] - classify_file:721 - Código de formato detectado en OCR: GRH-PD-02-FT-07 -> Categoría 01 en 1. FORMATO REQUISICION DE PERSONAL-Profesional Fuentes de Infomación Anticontrabando.pdf
2025-09-29 16:37:10,716 - INFO - [ThreadPoolExecutor-0_4] - process_file:954 - Archivo procesado: 1. FORMATO REQUISICION DE PERSONAL-Profesional Fuentes de Infomación Anticontrabando.pdf -> 01 (contenido)
2025-09-29 16:37:11,955 - INFO - [ThreadPoolExecutor-0_4] - process_file:954 - Archivo procesado: 20. AFILIACION ARL CARLOS ANDRES BAUTISTA GONZALEZ.pdf -> 06 (contenido)
2025-09-29 16:37:12,009 - INFO - [ThreadPoolExecutor-0_3] - process_file:954 - Archivo procesado: 26.5.1 Acta individual de grado Magíster en Inteligencia de Negocios.pdf -> 03 (contenido)
2025-09-29 16:37:12,036 - INFO - [ThreadPoolExecutor-0_3] - process_file:898 - Archivo duplicado: CAMBIO CUENTA CARLOS BAUTISTA ENERO2024.pdf
2025-09-29 16:37:12,224 - INFO - [ThreadPoolExecutor-0_4] - classify_file:667 - Código de formato detectado en contenido: GAF-JTH-PD-02-FT-07 -> Categoría 28 en EVALUACION PERIODO DE PRUEBA CARLOS BAUTISTA.pdf
2025-09-29 16:37:12,639 - INFO - [ThreadPoolExecutor-0_4] - classify_file:721 - Código de formato detectado en OCR: GAF-JTH-PD-02-FT-07 -> Categoría 28 en EVALUACION PERIODO DE PRUEBA CARLOS BAUTISTA.pdf
2025-09-29 16:37:12,643 - INFO - [ThreadPoolExecutor-0_4] - process_file:954 - Archivo procesado: EVALUACION PERIODO DE PRUEBA CARLOS BAUTISTA.pdf -> 28 (contenido)
2025-09-29 16:37:12,767 - WARNING - [ThreadPoolExecutor-0_3] - classify_file:780 - Penalización por ambigüedad: -6 puntos para CARLOS ANDRES BAUTISTA GONZALÉZ CERT. HERRAMIENTAS GOOGLE 2025.pdf
2025-09-29 16:37:12,769 - INFO - [ThreadPoolExecutor-0_3] - process_file:954 - Archivo procesado: CARLOS ANDRES BAUTISTA GONZALÉZ CERT. HERRAMIENTAS GOOGLE 2025.pdf -> 03 (contenido)
2025-09-29 16:37:12,877 - WARNING - [ThreadPoolExecutor-0_3] - classify_file:675 - ELIMINACIÓN INMEDIATA: Categoría 03 eliminada por contenido con 'hoja de vida': 0. LISTA DE CHEQUEO EXPEDIENTE LABORAL.xlsx
2025-09-29 16:37:12,920 - INFO - [ThreadPoolExecutor-0_3] - process_file:954 - Archivo procesado: 0. LISTA DE CHEQUEO EXPEDIENTE LABORAL.xlsx -> 00 (contenido)
2025-09-29 16:37:13,278 - INFO - [ThreadPoolExecutor-0_3] - process_file:954 - Archivo procesado: CARLOS ANDRES BAUTISTA  GONZALEZ  RTE FETE 2023.pdf -> 32 (carpeta_padre)
2025-09-29 16:37:13,408 - INFO - [ThreadPoolExecutor-0_4] - process_file:954 - Archivo procesado: VERIFICACIÓN DE TÍTULO CARLOS BAUTISTA.pdf -> 34 (contenido)
2025-09-29 16:37:13,549 - INFO - [ThreadPoolExecutor-0_4] - classify_file:667 - Código de formato detectado en contenido: GAF-JTH-PD-02-FT-07 -> Categoría 28 en VACACIONES CARLOS BAUTISTA MAY2024.pdf
2025-09-29 16:37:14,026 - INFO - [ThreadPoolExecutor-0_4] - classify_file:721 - Código de formato detectado en OCR: GAF-JTH-PD-02-FT-07 -> Categoría 28 en VACACIONES CARLOS BAUTISTA MAY2024.pdf
2025-09-29 16:37:14,030 - INFO - [ThreadPoolExecutor-0_4] - process_file:954 - Archivo procesado: VACACIONES CARLOS BAUTISTA MAY2024.pdf -> 28 (carpeta_padre)
2025-09-29 16:37:16,213 - WARNING - [ThreadPoolExecutor-0_4] - classify_file:780 - Penalización por ambigüedad: -15 puntos para CERTIFICACION LABORAL CARLOS ANDRES BAUTISTA GONZALEZ FND 22-02-2024.pdf
2025-09-29 16:37:16,224 - INFO - [ThreadPoolExecutor-0_4] - process_file:954 - Archivo procesado: CERTIFICACION LABORAL CARLOS ANDRES BAUTISTA GONZALEZ FND 22-02-2024.pdf -> 31 (carpeta_padre)
2025-09-29 16:37:17,363 - WARNING - [ThreadPoolExecutor-0_4] - classify_file:780 - Penalización por ambigüedad: -9 puntos para CERTIFICACION LABORAL CARLOS BAUTISTA 19-02-2025.pdf
2025-09-29 16:37:17,364 - INFO - [ThreadPoolExecutor-0_4] - process_file:954 - Archivo procesado: CERTIFICACION LABORAL CARLOS BAUTISTA 19-02-2025.pdf -> 31 (carpeta_padre)
2025-09-29 16:37:17,378 - INFO - [ThreadPoolExecutor-0_4] - classify_file:553 - Código de formato detectado: GAF-JTH-PD-01-FT-04 -> Categoría 00 en 1.1 GAF-JTH-PD-01-FT-04 - Formato de Check List - Expediente Laboral Vr.2.xlsx
2025-09-29 16:37:17,953 - INFO - [ThreadPoolExecutor-0_4] - classify_file:667 - Código de formato detectado en contenido: GAF-JTH-PD-01-FT-04 -> Categoría 00 en 1.1 GAF-JTH-PD-01-FT-04 - Formato de Check List - Expediente Laboral Vr.2.xlsx
2025-09-29 16:37:17,965 - WARNING - [ThreadPoolExecutor-0_4] - classify_file:675 - ELIMINACIÓN INMEDIATA: Categoría 03 eliminada por contenido con 'hoja de vida': 1.1 GAF-JTH-PD-01-FT-04 - Formato de Check List - Expediente Laboral Vr.2.xlsx
2025-09-29 16:37:17,966 - INFO - [ThreadPoolExecutor-0_4] - process_file:954 - Archivo procesado: 1.1 GAF-JTH-PD-01-FT-04 - Formato de Check List - Expediente Laboral Vr.2.xlsx -> 00 (contenido)
2025-09-29 16:37:18,880 - INFO - [ThreadPoolExecutor-0_4] - classify_file:667 - Código de formato detectado en contenido: GAF-JTH-PD-01-FT-04 -> Categoría 00 en 1. 1023902294_CHECK LIST  CARLOS BAUTISTA.pdf
2025-09-29 16:37:18,885 - WARNING - [ThreadPoolExecutor-0_4] - classify_file:675 - ELIMINACIÓN INMEDIATA: Categoría 03 eliminada por contenido con 'hoja de vida': 1. 1023902294_CHECK LIST  CARLOS BAUTISTA.pdf
2025-09-29 16:37:20,223 - INFO - [ThreadPoolExecutor-0_4] - classify_file:721 - Código de formato detectado en OCR: GAF-JTH-PD-01-FT-04 -> Categoría 00 en 1. 1023902294_CHECK LIST  CARLOS BAUTISTA.pdf
2025-09-29 16:37:20,229 - WARNING - [ThreadPoolExecutor-0_4] - classify_file:729 - ELIMINACIÓN INMEDIATA: Categoría 03 eliminada por OCR con 'hoja de vida': 1. 1023902294_CHECK LIST  CARLOS BAUTISTA.pdf
2025-09-29 16:37:20,231 - INFO - [ThreadPoolExecutor-0_4] - process_file:954 - Archivo procesado: 1. 1023902294_CHECK LIST  CARLOS BAUTISTA.pdf -> 00 (contenido)
2025-09-29 16:37:21,011 - INFO - [ThreadPoolExecutor-0_4] - classify_file:667 - Código de formato detectado en contenido: GAF-JTH-PD-02-FT-02 -> Categoría 25 en LICENCIA DE LUTO CARLOS BAUTISTA.pdf
2025-09-29 16:37:22,206 - INFO - [ThreadPoolExecutor-0_4] - classify_file:721 - Código de formato detectado en OCR: GAF-JTH-PD-02-FT-02 -> Categoría 25 en LICENCIA DE LUTO CARLOS BAUTISTA.pdf
2025-09-29 16:37:22,219 - INFO - [ThreadPoolExecutor-0_4] - process_file:954 - Archivo procesado: LICENCIA DE LUTO CARLOS BAUTISTA.pdf -> 25 (contenido)
2025-09-29 16:37:23,876 - INFO - [ThreadPoolExecutor-0_4] - process_file:954 - Archivo procesado: INCAPACIDAD CARLOS BAUTISTA OCT2023.pdf -> 27 (carpeta_padre)
2025-09-29 16:37:25,017 - INFO - [ThreadPoolExecutor-0_4] - process_file:954 - Archivo procesado: INCAPACIDAD CARLOS BAUTISTA NOM SEPT2023.pdf -> 27 (carpeta_padre)
2025-09-29 16:37:26,413 - INFO - [ThreadPoolExecutor-0_4] - process_file:954 - Archivo procesado: INCAPACIDAD CARLOS BAUTISTA ABR2024.pdf -> 27 (carpeta_padre)
2025-09-29 16:37:28,050 - DEBUG - [ThreadPoolExecutor-0_2] - extract_text_with_ocr:324 - OCR exitoso en PDF: 4. Certificados Laborales.pdf (1784 chars)
2025-09-29 16:37:28,081 - INFO - [ThreadPoolExecutor-0_2] - process_file:954 - Archivo procesado: 4. Certificados Laborales.pdf -> 04 (ocr)
2025-09-29 16:37:28,935 - INFO - [ThreadPoolExecutor-0_2] - process_file:954 - Archivo procesado: INCAPACIDAD CARLOS BAUTISTA JUN2024.pdf -> 27 (carpeta_padre)
2025-09-29 16:37:29,633 - INFO - [ThreadPoolExecutor-0_2] - classify_file:667 - Código de formato detectado en contenido: GAF-JTH-PD-02-FT-02 -> Categoría 25 en SOLICITUD DIA DE LA FAMILIA I-2023 CARLOS BAUTISTA.pdf
2025-09-29 16:37:31,190 - INFO - [ThreadPoolExecutor-0_2] - classify_file:721 - Código de formato detectado en OCR: GAF-JTH-PD-02-FT-02 -> Categoría 25 en SOLICITUD DIA DE LA FAMILIA I-2023 CARLOS BAUTISTA.pdf
2025-09-29 16:37:31,205 - INFO - [ThreadPoolExecutor-0_2] - process_file:954 - Archivo procesado: SOLICITUD DIA DE LA FAMILIA I-2023 CARLOS BAUTISTA.pdf -> 25 (carpeta_padre)
2025-09-29 16:37:31,923 - INFO - [ThreadPoolExecutor-0_2] - classify_file:667 - Código de formato detectado en contenido: GAF-JTH-PD-02-FT-02 -> Categoría 25 en PERMISO POR ESTUDIO VIERNES CARLOS BAUTISTA.pdf
2025-09-29 16:37:32,621 - DEBUG - [ThreadPoolExecutor-0_1] - extract_text_with_ocr:324 - OCR exitoso en PDF: 7. CERT.  ANTECEDENTES CGR - CARLOS  BAUTISTA.pdf (1157 chars)
2025-09-29 16:37:32,630 - WARNING - [ThreadPoolExecutor-0_1] - classify_file:780 - Penalización por ambigüedad: -9 puntos para 7. CERT.  ANTECEDENTES CGR - CARLOS  BAUTISTA.pdf
2025-09-29 16:37:32,728 - DEBUG - [ThreadPoolExecutor-0_5] - extract_text_with_ocr:324 - OCR exitoso en PDF: 6. CERT. ANTECEDENTES PGN CARLOS BAUTISTA.pdf (2585 chars)
2025-09-29 16:37:32,738 - WARNING - [ThreadPoolExecutor-0_5] - classify_file:780 - Penalización por ambigüedad: -9 puntos para 6. CERT. ANTECEDENTES PGN CARLOS BAUTISTA.pdf
2025-09-29 16:37:32,739 - INFO - [ThreadPoolExecutor-0_1] - process_file:954 - Archivo procesado: 7. CERT.  ANTECEDENTES CGR - CARLOS  BAUTISTA.pdf -> 13 (ocr)
2025-09-29 16:37:32,807 - INFO - [ThreadPoolExecutor-0_5] - process_file:954 - Archivo procesado: 6. CERT. ANTECEDENTES PGN CARLOS BAUTISTA.pdf -> 12 (ocr)
2025-09-29 16:37:33,309 - INFO - [ThreadPoolExecutor-0_2] - classify_file:721 - Código de formato detectado en OCR: GAF-JTH-PD-02-FT-02 -> Categoría 25 en PERMISO POR ESTUDIO VIERNES CARLOS BAUTISTA.pdf
2025-09-29 16:37:33,582 - INFO - [ThreadPoolExecutor-0_2] - process_file:954 - Archivo procesado: PERMISO POR ESTUDIO VIERNES CARLOS BAUTISTA.pdf -> 25 (carpeta_padre)
2025-09-29 16:37:33,874 - INFO - [ThreadPoolExecutor-0_1] - classify_file:667 - Código de formato detectado en contenido: GAF-JTH-PD-02-FT-02 -> Categoría 25 en PERMISO POR ESTUDIOS CARLOS BAUTISTA 19-09-2023.pdf
2025-09-29 16:37:33,986 - INFO - [ThreadPoolExecutor-0_5] - classify_file:667 - Código de formato detectado en contenido: GAF-JTH-PD-02-FT-02 -> Categoría 25 en DÍA DE LA FAMILIA CARLOS BAUTISTA 27-12-2024.pdf
2025-09-29 16:37:34,485 - INFO - [ThreadPoolExecutor-0_2] - classify_file:667 - Código de formato detectado en contenido: GAF-JTH-PD-02-FT-02 -> Categoría 25 en PERMISO POR VOTACIONES CARLOS BAUTISTA 23-11-2023.pdf
2025-09-29 16:37:34,896 - DEBUG - [ThreadPoolExecutor-0_4] - extract_text_with_ocr:324 - OCR exitoso en PDF: INCAPACIDAD CARLOS BAUTISTA NOV2024.pdf (1452 chars)
2025-09-29 16:37:34,912 - DEBUG - [ThreadPoolExecutor-0_0] - extract_text_with_ocr:324 - OCR exitoso en PDF: 11. TP CARLOS BAUTISTA.pdf (708 chars)
2025-09-29 16:37:34,924 - INFO - [ThreadPoolExecutor-0_4] - process_file:954 - Archivo procesado: INCAPACIDAD CARLOS BAUTISTA NOV2024.pdf -> 27 (carpeta_padre)
2025-09-29 16:37:35,024 - INFO - [ThreadPoolExecutor-0_0] - process_file:954 - Archivo procesado: 11. TP CARLOS BAUTISTA.pdf -> 18 (nombre_archivo)
2025-09-29 16:37:35,618 - INFO - [ThreadPoolExecutor-0_5] - classify_file:721 - Código de formato detectado en OCR: GAF-JTH-PD-02-FT-02 -> Categoría 25 en DÍA DE LA FAMILIA CARLOS BAUTISTA 27-12-2024.pdf
2025-09-29 16:37:35,680 - INFO - [ThreadPoolExecutor-0_5] - process_file:954 - Archivo procesado: DÍA DE LA FAMILIA CARLOS BAUTISTA 27-12-2024.pdf -> 25 (carpeta_padre)
2025-09-29 16:37:35,786 - INFO - [ThreadPoolExecutor-0_2] - classify_file:721 - Código de formato detectado en OCR: GAF-JTH-PD-02-FT-02 -> Categoría 25 en PERMISO POR VOTACIONES CARLOS BAUTISTA 23-11-2023.pdf
2025-09-29 16:37:35,926 - INFO - [ThreadPoolExecutor-0_2] - process_file:954 - Archivo procesado: PERMISO POR VOTACIONES CARLOS BAUTISTA 23-11-2023.pdf -> 25 (carpeta_padre)
2025-09-29 16:37:35,939 - INFO - [ThreadPoolExecutor-0_1] - classify_file:721 - Código de formato detectado en OCR: GAF-JTH-PD-02-FT-02 -> Categoría 25 en PERMISO POR ESTUDIOS CARLOS BAUTISTA 19-09-2023.pdf
2025-09-29 16:37:35,997 - INFO - [ThreadPoolExecutor-0_1] - process_file:954 - Archivo procesado: PERMISO POR ESTUDIOS CARLOS BAUTISTA 19-09-2023.pdf -> 25 (carpeta_padre)
2025-09-29 16:37:43,055 - INFO - [ThreadPoolExecutor-0_3] - process_file:954 - Archivo procesado: ACTUALIZACION FORMATO DEDUCCION RTE FTE 2024 CARLOS BAUTISTA.pdf -> 32 (carpeta_padre)
2025-09-29 16:37:43,059 - INFO - [MainThread] - save_results_csv:1023 - Resultados guardados en: resultados.csv
2025-09-29 16:40:37,205 - INFO - [MainThread] - organize_documents:977 - Iniciando organización de documentos
2025-09-29 16:40:37,205 - INFO - [MainThread] - organize_documents:978 - Origen: /home/roddek-dev/Escritorio/Documentos_Desordenados
2025-09-29 16:40:37,205 - INFO - [MainThread] - organize_documents:979 - Destino: /home/roddek-dev/Escritorio/Documentos_Organizados
2025-09-29 16:40:37,205 - INFO - [MainThread] - organize_documents:980 - Modo: COPY
2025-09-29 16:40:37,206 - INFO - [MainThread] - organize_documents:986 - Encontrados 56 archivos para procesar
2025-09-29 16:40:37,206 - INFO - [MainThread] - organize_documents:993 - Usando 6 hilos para procesamiento
2025-09-29 16:40:37,480 - WARNING - [ThreadPoolExecutor-0_3] - classify_file:792 - Archivo sin clasificar (39 < 40): 6. CERTIFICADO ANTECEDENTES PROCURAURIA.pdf
2025-09-29 16:40:37,535 - WARNING - [ThreadPoolExecutor-0_3] - process_file:952 - Archivo pendiente de revisar: 6. CERTIFICADO ANTECEDENTES PROCURAURIA.pdf -> baja_confianza
2025-09-29 16:40:37,640 - INFO - [ThreadPoolExecutor-0_4] - classify_file:667 - Código de formato detectado en contenido: GAF-JTH-PD-02-FT-07 -> Categoría 28 en 26. EVALUACION PERIODO DE PRUEBA Coordinador en logística de eventos.pdf
2025-09-29 16:40:37,640 - INFO - [ThreadPoolExecutor-0_0] - process_file:954 - Archivo procesado: 13. DECLARACION  DE NO INHABILIDAD.pdf -> 22 (contenido)
2025-09-29 16:40:37,983 - INFO - [ThreadPoolExecutor-0_5] - classify_file:667 - Código de formato detectado en contenido: GAF-JTH-SST-PD-07-FT-02 -> Categoría 24 en 25.1. CARTA RECOMENDACIONES MÉDICAS ALFONSO ANGULO.pdf
2025-09-29 16:40:38,189 - INFO - [ThreadPoolExecutor-0_4] - classify_file:721 - Código de formato detectado en OCR: GAF-JTH-PD-02-FT-07 -> Categoría 28 en 26. EVALUACION PERIODO DE PRUEBA Coordinador en logística de eventos.pdf
2025-09-29 16:40:38,280 - INFO - [ThreadPoolExecutor-0_4] - process_file:954 - Archivo procesado: 26. EVALUACION PERIODO DE PRUEBA Coordinador en logística de eventos.pdf -> 28 (contenido)
2025-09-29 16:40:38,378 - INFO - [ThreadPoolExecutor-0_2] - classify_file:667 - Código de formato detectado en contenido: GRH-PD-02-FT-07 -> Categoría 01 en 1. REQUISICION DE PERSONAL-Coordinador - logística de eventos .pdf
2025-09-29 16:40:38,754 - INFO - [ThreadPoolExecutor-0_5] - classify_file:721 - Código de formato detectado en OCR: GAF-JTH-SST-PD-07-FT-02 -> Categoría 24 en 25.1. CARTA RECOMENDACIONES MÉDICAS ALFONSO ANGULO.pdf
2025-09-29 16:40:38,768 - INFO - [ThreadPoolExecutor-0_5] - process_file:954 - Archivo procesado: 25.1. CARTA RECOMENDACIONES MÉDICAS ALFONSO ANGULO.pdf -> 24 (contenido)
2025-09-29 16:40:38,889 - WARNING - [ThreadPoolExecutor-0_4] - classify_file:780 - Penalización por ambigüedad: -6 puntos para 21. CERTIFICADO DE CAJA DE COMPENSACION FAMILIAR.pdf
2025-09-29 16:40:38,892 - INFO - [ThreadPoolExecutor-0_4] - process_file:954 - Archivo procesado: 21. CERTIFICADO DE CAJA DE COMPENSACION FAMILIAR.pdf -> 07 (contenido)
2025-09-29 16:40:39,267 - INFO - [ThreadPoolExecutor-0_2] - classify_file:721 - Código de formato detectado en OCR: GRH-PD-02-FT-07 -> Categoría 01 en 1. REQUISICION DE PERSONAL-Coordinador - logística de eventos .pdf
2025-09-29 16:40:39,271 - INFO - [ThreadPoolExecutor-0_2] - process_file:954 - Archivo procesado: 1. REQUISICION DE PERSONAL-Coordinador - logística de eventos .pdf -> 01 (contenido)
2025-09-29 16:40:39,826 - WARNING - [ThreadPoolExecutor-0_2] - classify_file:792 - Archivo sin clasificar (39 < 40): 4..CERTIFICACION FND.pdf
2025-09-29 16:40:39,828 - WARNING - [ThreadPoolExecutor-0_2] - process_file:952 - Archivo pendiente de revisar: 4..CERTIFICACION FND.pdf -> baja_confianza
2025-09-29 16:40:40,283 - INFO - [ThreadPoolExecutor-0_2] - process_file:954 - Archivo procesado: 25.2 Concepto ALONSO CARLOS ANGULO FERNANDEZ 2024.PDF -> 24 (contenido)
2025-09-29 16:40:40,481 - INFO - [ThreadPoolExecutor-0_2] - process_file:954 - Archivo procesado: 23 .FORMATO DE INDUCCION.pdf -> 19 (contenido)
2025-09-29 16:40:40,490 - INFO - [ThreadPoolExecutor-0_2] - classify_file:553 - Código de formato detectado: GAF-JTH-PD-01-FT-08 -> Categoría 39 en 0.1 GAF-JTH-PD-01-FT-08 Formato Análisis de formación y experiencia (1).xlsx
2025-09-29 16:40:40,692 - INFO - [ThreadPoolExecutor-0_2] - classify_file:667 - Código de formato detectado en contenido: GAF-JTH-PD-01-FT-08 -> Categoría 39 en 0.1 GAF-JTH-PD-01-FT-08 Formato Análisis de formación y experiencia (1).xlsx
2025-09-29 16:40:40,693 - INFO - [ThreadPoolExecutor-0_2] - process_file:954 - Archivo procesado: 0.1 GAF-JTH-PD-01-FT-08 Formato Análisis de formación y experiencia (1).xlsx -> 39 (contenido)
2025-09-29 16:40:40,880 - WARNING - [ThreadPoolExecutor-0_2] - classify_file:780 - Penalización por ambigüedad: -6 puntos para 9. CERTIFICADO MEDIDAS CORRECTIVAS.pdf
2025-09-29 16:40:40,882 - INFO - [ThreadPoolExecutor-0_2] - process_file:954 - Archivo procesado: 9. CERTIFICADO MEDIDAS CORRECTIVAS.pdf -> 15 (contenido)
2025-09-29 16:40:54,355 - DEBUG - [ThreadPoolExecutor-0_5] - extract_text_with_ocr:324 - OCR exitoso en PDF: 11. TARJETA PROFESIONAL.pdf (410 chars)
2025-09-29 16:40:54,367 - INFO - [ThreadPoolExecutor-0_5] - process_file:954 - Archivo procesado: 11. TARJETA PROFESIONAL.pdf -> 10 (ocr)
2025-09-29 16:40:54,392 - WARNING - [ThreadPoolExecutor-0_5] - classify_file:574 - ELIMINACIÓN INMEDIATA: Categoría 03 eliminada por contener 'hoja de vida' en nombre de archivo: 2. HV ALONSO ANGULO.pdf
2025-09-29 16:40:54,961 - INFO - [ThreadPoolExecutor-0_5] - classify_file:667 - Código de formato detectado en contenido: GRH-PD-02-FT-02 -> Categoría 02 en 2. HV ALONSO ANGULO.pdf
2025-09-29 16:40:54,964 - WARNING - [ThreadPoolExecutor-0_5] - classify_file:675 - ELIMINACIÓN INMEDIATA: Categoría 03 eliminada por contenido con 'hoja de vida': 2. HV ALONSO ANGULO.pdf
2025-09-29 16:40:55,943 - INFO - [ThreadPoolExecutor-0_5] - classify_file:721 - Código de formato detectado en OCR: GRH-PD-02-FT-02 -> Categoría 02 en 2. HV ALONSO ANGULO.pdf
2025-09-29 16:40:55,947 - WARNING - [ThreadPoolExecutor-0_5] - classify_file:729 - ELIMINACIÓN INMEDIATA: Categoría 03 eliminada por OCR con 'hoja de vida': 2. HV ALONSO ANGULO.pdf
2025-09-29 16:40:55,950 - INFO - [ThreadPoolExecutor-0_5] - process_file:954 - Archivo procesado: 2. HV ALONSO ANGULO.pdf -> 02 (contenido)
2025-09-29 16:40:56,457 - WARNING - [ThreadPoolExecutor-0_5] - classify_file:780 - Penalización por ambigüedad: -9 puntos para 10.CERTIFICACION BANCARIA.pdf
2025-09-29 16:40:56,460 - WARNING - [ThreadPoolExecutor-0_5] - classify_file:788 - Empate después de penalizaciones en ['03', '04', '13'] para: 10.CERTIFICACION BANCARIA.pdf
2025-09-29 16:40:56,461 - WARNING - [ThreadPoolExecutor-0_5] - process_file:952 - Archivo pendiente de revisar: 10.CERTIFICACION BANCARIA.pdf -> empate_post_penalizacion
2025-09-29 16:40:56,897 - INFO - [ThreadPoolExecutor-0_5] - classify_file:667 - Código de formato detectado en contenido: GAF-JTH-SST-PD-07-FT-02 -> Categoría 24 en 25.3 Recomendaciones  - ALONSO CARLOS ANGULO FERNANDEZ (1).pdf
2025-09-29 16:40:57,443 - DEBUG - [ThreadPoolExecutor-0_3] - extract_text_with_ocr:324 - OCR exitoso en PDF: 8. CERTIFICADO JUDICIAL.pdf (1274 chars)
2025-09-29 16:40:57,474 - WARNING - [ThreadPoolExecutor-0_3] - classify_file:792 - Archivo sin clasificar (34 < 40): 8. CERTIFICADO JUDICIAL.pdf
2025-09-29 16:40:57,503 - WARNING - [ThreadPoolExecutor-0_3] - process_file:952 - Archivo pendiente de revisar: 8. CERTIFICADO JUDICIAL.pdf -> baja_confianza
2025-09-29 16:40:57,849 - INFO - [ThreadPoolExecutor-0_5] - classify_file:721 - Código de formato detectado en OCR: GAF-JTH-SST-PD-07-FT-02 -> Categoría 24 en 25.3 Recomendaciones  - ALONSO CARLOS ANGULO FERNANDEZ (1).pdf
2025-09-29 16:40:57,849 - DEBUG - [ThreadPoolExecutor-0_1] - extract_text_with_ocr:339 - OCR exitoso en imagen: 17. FOTO.jpg (351 chars)
2025-09-29 16:40:57,870 - INFO - [ThreadPoolExecutor-0_5] - process_file:954 - Archivo procesado: 25.3 Recomendaciones  - ALONSO CARLOS ANGULO FERNANDEZ (1).pdf -> 24 (contenido)
2025-09-29 16:40:57,883 - INFO - [ThreadPoolExecutor-0_1] - process_file:954 - Archivo procesado: 17. FOTO.jpg -> 20 (nombre_archivo)
2025-09-29 16:40:58,029 - WARNING - [ThreadPoolExecutor-0_3] - classify_file:792 - Archivo sin clasificar (13 < 15): 14. CARTA ALONSO ANGULO.pdf
2025-09-29 16:40:58,045 - WARNING - [ThreadPoolExecutor-0_3] - process_file:952 - Archivo pendiente de revisar: 14. CARTA ALONSO ANGULO.pdf -> baja_confianza
2025-09-29 16:40:58,378 - WARNING - [ThreadPoolExecutor-0_5] - classify_file:780 - Penalización por ambigüedad: -6 puntos para 7. CERTIFICADO CONTRALORIA.pdf
2025-09-29 16:40:58,378 - WARNING - [ThreadPoolExecutor-0_5] - classify_file:792 - Archivo sin clasificar (38 < 40): 7. CERTIFICADO CONTRALORIA.pdf
2025-09-29 16:40:58,380 - WARNING - [ThreadPoolExecutor-0_5] - process_file:952 - Archivo pendiente de revisar: 7. CERTIFICADO CONTRALORIA.pdf -> baja_confianza
2025-09-29 16:40:58,380 - DEBUG - [ThreadPoolExecutor-0_0] - extract_text_with_ocr:324 - OCR exitoso en PDF: 25. EXAMEN MEDICO INGRESO.pdf (1882 chars)
2025-09-29 16:40:58,388 - INFO - [ThreadPoolExecutor-0_0] - process_file:954 - Archivo procesado: 25. EXAMEN MEDICO INGRESO.pdf -> 11 (ocr)
2025-09-29 16:40:58,950 - INFO - [ThreadPoolExecutor-0_0] - classify_file:667 - Código de formato detectado en contenido: GTE-PD-05-FT-01 -> Categoría 21 en 12. TRATAMIENTO  DE DATOS PERSONALES.pdf
2025-09-29 16:40:58,965 - INFO - [ThreadPoolExecutor-0_1] - process_file:954 - Archivo procesado: 18. CERTIFICACION ADRES.pdf -> 07 (contenido)
2025-09-29 16:40:59,312 - INFO - [ThreadPoolExecutor-0_3] - process_file:954 - Archivo procesado: 3.2.DIPLOMA UNIVERSIDADMAGISTER  ADMINISTRADOR .pdf -> 03 (contenido)
2025-09-29 16:40:59,560 - INFO - [ThreadPoolExecutor-0_0] - classify_file:721 - Código de formato detectado en OCR: GTE-PD-05-FT-01 -> Categoría 21 en 12. TRATAMIENTO  DE DATOS PERSONALES.pdf
2025-09-29 16:40:59,566 - INFO - [ThreadPoolExecutor-0_0] - process_file:954 - Archivo procesado: 12. TRATAMIENTO  DE DATOS PERSONALES.pdf -> 21 (contenido)
2025-09-29 16:40:59,681 - WARNING - [ThreadPoolExecutor-0_0] - classify_file:675 - ELIMINACIÓN INMEDIATA: Categoría 03 eliminada por contenido con 'hoja de vida': 0. LISTA DE CHEQUEO ANGULO FERNANDEZ ALONSO CARLOS  14-11-2023.xlsx
2025-09-29 16:40:59,682 - INFO - [ThreadPoolExecutor-0_0] - process_file:954 - Archivo procesado: 0. LISTA DE CHEQUEO ANGULO FERNANDEZ ALONSO CARLOS  14-11-2023.xlsx -> 00 (contenido)
2025-09-29 16:41:00,529 - WARNING - [ThreadPoolExecutor-0_3] - classify_file:780 - Penalización por ambigüedad: -6 puntos para 22. CONTRATO FND.pdf
2025-09-29 16:41:00,530 - INFO - [ThreadPoolExecutor-0_3] - process_file:954 - Archivo procesado: 22. CONTRATO FND.pdf -> 09 (contenido)
2025-09-29 16:41:00,693 - WARNING - [ThreadPoolExecutor-0_3] - classify_file:780 - Penalización por ambigüedad: -18 puntos para 19. CERTIFICADO DE PENSIONES Y CESANTIAS .pdf
2025-09-29 16:41:00,694 - WARNING - [ThreadPoolExecutor-0_3] - classify_file:788 - Empate después de penalizaciones en ['08', '10'] para: 19. CERTIFICADO DE PENSIONES Y CESANTIAS .pdf
2025-09-29 16:41:00,695 - WARNING - [ThreadPoolExecutor-0_3] - process_file:952 - Archivo pendiente de revisar: 19. CERTIFICADO DE PENSIONES Y CESANTIAS .pdf -> empate_post_penalizacion
2025-09-29 16:41:00,881 - INFO - [ThreadPoolExecutor-0_3] - process_file:954 - Archivo procesado: 20. CERTIFICADO ARL POSITIVA.pdf -> 06 (contenido)
2025-09-29 16:41:01,329 - WARNING - [ThreadPoolExecutor-0_3] - classify_file:792 - Archivo sin clasificar (39 < 40): 26.1 OTROSI-JEFE PROGRAMA ANTICONTRABANDO- ALONSO ANGULO.Firmado.pdf
2025-09-29 16:41:01,331 - WARNING - [ThreadPoolExecutor-0_3] - process_file:952 - Archivo pendiente de revisar: 26.1 OTROSI-JEFE PROGRAMA ANTICONTRABANDO- ALONSO ANGULO.Firmado.pdf -> baja_confianza
2025-09-29 16:41:02,238 - INFO - [ThreadPoolExecutor-0_3] - process_file:954 - Archivo procesado: 26.2 Evaluación Periodo de Prueba Jefe Programa Anticontrabandopdf.pdf -> 23 (contenido)
2025-09-29 16:41:02,979 - WARNING - [ThreadPoolExecutor-0_3] - classify_file:792 - Archivo sin clasificar (13 < 15): 26.NOTIFICACION I2023001293 .pdf
2025-09-29 16:41:02,980 - WARNING - [ThreadPoolExecutor-0_3] - process_file:952 - Archivo pendiente de revisar: 26.NOTIFICACION I2023001293 .pdf -> baja_confianza
2025-09-29 16:41:03,216 - INFO - [ThreadPoolExecutor-0_3] - classify_file:667 - Código de formato detectado en contenido: GAF-JTH-PD-02-FT-07 -> Categoría 28 en VACACIONES DISFRUTADAS ALONSO ANGULO OCT2024.pdf
2025-09-29 16:41:03,716 - INFO - [ThreadPoolExecutor-0_3] - classify_file:721 - Código de formato detectado en OCR: GAF-JTH-PD-02-FT-07 -> Categoría 28 en VACACIONES DISFRUTADAS ALONSO ANGULO OCT2024.pdf
2025-09-29 16:41:03,719 - INFO - [ThreadPoolExecutor-0_3] - process_file:954 - Archivo procesado: VACACIONES DISFRUTADAS ALONSO ANGULO OCT2024.pdf -> 28 (contenido)
2025-09-29 16:41:04,156 - INFO - [ThreadPoolExecutor-0_3] - process_file:954 - Archivo procesado: CERTIFICADO DE AFILIACION EPS .pdf -> 06 (contenido)
2025-09-29 16:41:04,305 - INFO - [ThreadPoolExecutor-0_3] - classify_file:667 - Código de formato detectado en contenido: GAF-JTH-PD-02-FT-07 -> Categoría 28 en VACACIONES DISFRUTADAS ALONSO ANGULO JUL2024.pdf
2025-09-29 16:41:04,713 - INFO - [ThreadPoolExecutor-0_3] - classify_file:721 - Código de formato detectado en OCR: GAF-JTH-PD-02-FT-07 -> Categoría 28 en VACACIONES DISFRUTADAS ALONSO ANGULO JUL2024.pdf
2025-09-29 16:41:04,722 - INFO - [ThreadPoolExecutor-0_3] - process_file:954 - Archivo procesado: VACACIONES DISFRUTADAS ALONSO ANGULO JUL2024.pdf -> 28 (contenido)
2025-09-29 16:41:05,534 - DEBUG - [ThreadPoolExecutor-0_0] - extract_text_with_ocr:324 - OCR exitoso en PDF: 4.1 CERTIFICACION LABORAL NOKIA.pdf (640 chars)
2025-09-29 16:41:05,538 - WARNING - [ThreadPoolExecutor-0_0] - classify_file:792 - Archivo sin clasificar (24 < 40): 4.1 CERTIFICACION LABORAL NOKIA.pdf
2025-09-29 16:41:05,554 - WARNING - [ThreadPoolExecutor-0_0] - process_file:952 - Archivo pendiente de revisar: 4.1 CERTIFICACION LABORAL NOKIA.pdf -> baja_confianza
2025-09-29 16:41:05,829 - INFO - [ThreadPoolExecutor-0_3] - process_file:954 - Archivo procesado: 3. Certificado50_horas ALONSO CARLOS ANGULO FERNANDEZ.pdf -> 10 (contenido)
2025-09-29 16:41:06,112 - INFO - [ThreadPoolExecutor-0_0] - process_file:954 - Archivo procesado: 1065808673_UJ_CGRADOS_CSK824976271492_F.pdf -> 03 (contenido)
2025-09-29 16:41:06,513 - INFO - [ThreadPoolExecutor-0_3] - process_file:954 - Archivo procesado: 1065808673_UJ_CGRADOS_CST753624826166_F.pdf -> 03 (contenido)
2025-09-29 16:41:06,766 - DEBUG - [ThreadPoolExecutor-0_1] - extract_text_with_ocr:324 - OCR exitoso en PDF: 24. CERTIFICADO DE VACUNAS.pdf (496 chars)
2025-09-29 16:41:06,773 - WARNING - [ThreadPoolExecutor-0_1] - classify_file:788 - Empate después de penalizaciones en ['03', '04', '13'] para: 24. CERTIFICADO DE VACUNAS.pdf
2025-09-29 16:41:06,789 - WARNING - [ThreadPoolExecutor-0_1] - process_file:952 - Archivo pendiente de revisar: 24. CERTIFICADO DE VACUNAS.pdf -> empate_post_penalizacion
2025-09-29 16:41:06,854 - DEBUG - [ThreadPoolExecutor-0_5] - extract_text_with_ocr:324 - OCR exitoso en PDF: 5.CEDULA.pdf (622 chars)
2025-09-29 16:41:06,859 - WARNING - [ThreadPoolExecutor-0_5] - classify_file:792 - Archivo sin clasificar (0 < 15): 5.CEDULA.pdf
2025-09-29 16:41:06,872 - WARNING - [ThreadPoolExecutor-0_5] - process_file:952 - Archivo pendiente de revisar: 5.CEDULA.pdf -> sin_coincidencias
2025-09-29 16:41:06,989 - INFO - [ThreadPoolExecutor-0_3] - process_file:954 - Archivo procesado: ENCARGO ALONSO ANGULO DESDE 16-09-2024.pdf -> 29 (carpeta_padre)
2025-09-29 16:41:08,188 - INFO - [ThreadPoolExecutor-0_1] - process_file:954 - Archivo procesado: ENCARGO ALONSO CARLOS ANGULO 03-04-2023 AL 05-04-2023.pdf -> 29 (carpeta_padre)
2025-09-29 16:41:08,396 - INFO - [ThreadPoolExecutor-0_5] - process_file:954 - Archivo procesado: ENCARGO ALONSO ANGULO 23  AL 30 JUNIO 2023.pdf -> 29 (carpeta_padre)
2025-09-29 16:41:08,518 - INFO - [ThreadPoolExecutor-0_3] - process_file:954 - Archivo procesado: ENCARGO ALONSO ANGULO DIC-ENE.pdf -> 29 (carpeta_padre)
2025-09-29 16:41:08,552 - DEBUG - [ThreadPoolExecutor-0_2] - extract_text_with_ocr:324 - OCR exitoso en PDF: 3.1.DIPLOMA UNIVERSIDAD ADMINISTRADOR DE EMPRESAS.pdf (816 chars)
2025-09-29 16:41:08,600 - INFO - [ThreadPoolExecutor-0_2] - process_file:954 - Archivo procesado: 3.1.DIPLOMA UNIVERSIDAD ADMINISTRADOR DE EMPRESAS.pdf -> 03 (ocr)
2025-09-29 16:41:09,035 - INFO - [ThreadPoolExecutor-0_3] - classify_file:667 - Código de formato detectado en contenido: GAF-JTH-PD-02-FT-02 -> Categoría 25 en PERMISO POR CUMPLEAÑOS ALONSO ANGULO 11-10-2024.pdf
2025-09-29 16:41:09,216 - INFO - [ThreadPoolExecutor-0_2] - classify_file:667 - Código de formato detectado en contenido: GAF-JTH-PD-02-FT-02 -> Categoría 25 en DIA DE LA FAMILIA ALONSO ANGULO 11-10-2024.pdf
2025-09-29 16:41:09,436 - WARNING - [ThreadPoolExecutor-0_5] - classify_file:675 - ELIMINACIÓN INMEDIATA: Categoría 03 eliminada por contenido con 'hoja de vida': 0. GAF-PD-09-FT-04 - FORMATO CHECK LIST - EXPEDIENTE LABORAL Vr.1 (1).xlsx
2025-09-29 16:41:09,481 - INFO - [ThreadPoolExecutor-0_5] - process_file:954 - Archivo procesado: 0. GAF-PD-09-FT-04 - FORMATO CHECK LIST - EXPEDIENTE LABORAL Vr.1 (1).xlsx -> 00 (contenido)
2025-09-29 16:41:09,612 - INFO - [ThreadPoolExecutor-0_3] - classify_file:721 - Código de formato detectado en OCR: GAF-JTH-PD-02-FT-02 -> Categoría 25 en PERMISO POR CUMPLEAÑOS ALONSO ANGULO 11-10-2024.pdf
2025-09-29 16:41:09,619 - INFO - [ThreadPoolExecutor-0_2] - classify_file:721 - Código de formato detectado en OCR: GAF-JTH-PD-02-FT-02 -> Categoría 25 en DIA DE LA FAMILIA ALONSO ANGULO 11-10-2024.pdf
2025-09-29 16:41:09,622 - INFO - [ThreadPoolExecutor-0_3] - process_file:954 - Archivo procesado: PERMISO POR CUMPLEAÑOS ALONSO ANGULO 11-10-2024.pdf -> 25 (carpeta_padre)
2025-09-29 16:41:09,623 - INFO - [ThreadPoolExecutor-0_2] - process_file:954 - Archivo procesado: DIA DE LA FAMILIA ALONSO ANGULO 11-10-2024.pdf -> 25 (carpeta_padre)
2025-09-29 16:41:09,854 - INFO - [ThreadPoolExecutor-0_3] - classify_file:667 - Código de formato detectado en contenido: GAF-JTH-PD-02-FT-02 -> Categoría 25 en DÍA DE LA FAMILIA ALONSO ANGULO 07-02-2025.pdf
2025-09-29 16:41:09,982 - INFO - [ThreadPoolExecutor-0_5] - classify_file:667 - Código de formato detectado en contenido: GAF-JTH-PD-02-FT-02 -> Categoría 25 en PERMISO ALONSO ANGULO 27-10-2023.pdf
2025-09-29 16:41:10,237 - INFO - [ThreadPoolExecutor-0_2] - classify_file:667 - Código de formato detectado en contenido: GAF-JTH-PD-02-FT-02 -> Categoría 25 en PERMISO POR ASUNTOS FAMILIARES ALONSO ANGULO 22-03-2024.pdf
2025-09-29 16:41:10,342 - INFO - [ThreadPoolExecutor-0_3] - classify_file:721 - Código de formato detectado en OCR: GAF-JTH-PD-02-FT-02 -> Categoría 25 en DÍA DE LA FAMILIA ALONSO ANGULO 07-02-2025.pdf
2025-09-29 16:41:10,404 - INFO - [ThreadPoolExecutor-0_3] - process_file:954 - Archivo procesado: DÍA DE LA FAMILIA ALONSO ANGULO 07-02-2025.pdf -> 25 (carpeta_padre)
2025-09-29 16:41:10,894 - INFO - [ThreadPoolExecutor-0_3] - classify_file:667 - Código de formato detectado en contenido: GAF-JTH-PD-02-FT-02 -> Categoría 25 en TEC ALONSO ANGULO 22-11-2024.pdf
2025-09-29 16:41:10,897 - INFO - [ThreadPoolExecutor-0_5] - classify_file:721 - Código de formato detectado en OCR: GAF-JTH-PD-02-FT-02 -> Categoría 25 en PERMISO ALONSO ANGULO 27-10-2023.pdf
2025-09-29 16:41:10,899 - INFO - [ThreadPoolExecutor-0_2] - classify_file:721 - Código de formato detectado en OCR: GAF-JTH-PD-02-FT-02 -> Categoría 25 en PERMISO POR ASUNTOS FAMILIARES ALONSO ANGULO 22-03-2024.pdf
2025-09-29 16:41:10,905 - INFO - [ThreadPoolExecutor-0_2] - process_file:954 - Archivo procesado: PERMISO POR ASUNTOS FAMILIARES ALONSO ANGULO 22-03-2024.pdf -> 25 (carpeta_padre)
2025-09-29 16:41:10,907 - INFO - [ThreadPoolExecutor-0_5] - process_file:954 - Archivo procesado: PERMISO ALONSO ANGULO 27-10-2023.pdf -> 25 (carpeta_padre)
2025-09-29 16:41:11,110 - INFO - [ThreadPoolExecutor-0_3] - classify_file:721 - Código de formato detectado en OCR: GAF-JTH-PD-02-FT-02 -> Categoría 25 en TEC ALONSO ANGULO 22-11-2024.pdf
2025-09-29 16:41:11,196 - INFO - [ThreadPoolExecutor-0_3] - process_file:954 - Archivo procesado: TEC ALONSO ANGULO 22-11-2024.pdf -> 25 (carpeta_padre)
2025-09-29 16:41:11,297 - INFO - [ThreadPoolExecutor-0_2] - classify_file:667 - Código de formato detectado en contenido: GAF-JTH-PD-02-FT-02 -> Categoría 25 en PERMISO ALONSO ANGULO 10-11-2023.pdf
2025-09-29 16:41:11,431 - INFO - [ThreadPoolExecutor-0_5] - classify_file:667 - Código de formato detectado en contenido: GAF-JTH-PD-02-FT-08 -> Categoría 32 en ACTUALIZACION FORMATO DEDUCCION RTE FTE 2024 ALONSO ANGULO.pdf
2025-09-29 16:41:11,711 - INFO - [ThreadPoolExecutor-0_2] - classify_file:721 - Código de formato detectado en OCR: GAF-JTH-PD-02-FT-02 -> Categoría 25 en PERMISO ALONSO ANGULO 10-11-2023.pdf
2025-09-29 16:41:11,718 - INFO - [ThreadPoolExecutor-0_2] - process_file:954 - Archivo procesado: PERMISO ALONSO ANGULO 10-11-2023.pdf -> 25 (carpeta_padre)
2025-09-29 16:41:11,821 - WARNING - [ThreadPoolExecutor-0_0] - classify_file:780 - Penalización por ambigüedad: -6 puntos para CERTIFICACION LABORAL ALONSO ANGULO 24-10-2024 (1).pdf
2025-09-29 16:41:11,849 - INFO - [ThreadPoolExecutor-0_0] - process_file:954 - Archivo procesado: CERTIFICACION LABORAL ALONSO ANGULO 24-10-2024 (1).pdf -> 31 (carpeta_padre)
2025-09-29 16:41:11,953 - INFO - [ThreadPoolExecutor-0_5] - classify_file:721 - Código de formato detectado en OCR: GAF-JTH-PD-02-FT-08 -> Categoría 32 en ACTUALIZACION FORMATO DEDUCCION RTE FTE 2024 ALONSO ANGULO.pdf
2025-09-29 16:41:11,955 - INFO - [ThreadPoolExecutor-0_5] - process_file:954 - Archivo procesado: ACTUALIZACION FORMATO DEDUCCION RTE FTE 2024 ALONSO ANGULO.pdf -> 32 (carpeta_padre)
2025-09-29 16:41:19,749 - DEBUG - [ThreadPoolExecutor-0_4] - extract_text_with_ocr:324 - OCR exitoso en PDF: 3. DIPLOMA DE BACHILLER ACADEMICO .pdf (610 chars)
2025-09-29 16:41:19,755 - INFO - [ThreadPoolExecutor-0_4] - process_file:954 - Archivo procesado: 3. DIPLOMA DE BACHILLER ACADEMICO .pdf -> 03 (ocr)
2025-09-29 16:41:32,471 - DEBUG - [ThreadPoolExecutor-0_1] - extract_text_with_ocr:324 - OCR exitoso en PDF: 3. Certificado de estudios.pdf (610 chars)
2025-09-29 16:41:32,482 - INFO - [ThreadPoolExecutor-0_1] - process_file:954 - Archivo procesado: 3. Certificado de estudios.pdf -> 03 (ocr)
2025-09-29 16:41:32,485 - INFO - [MainThread] - save_results_csv:1023 - Resultados guardados en: resultados.csv
2025-09-29 16:50:24,944 - INFO - [MainThread] - organize_documents:977 - Iniciando organización de documentos
2025-09-29 16:50:24,944 - INFO - [MainThread] - organize_documents:978 - Origen: /home/roddek-dev/Escritorio/Documentos_Desordenados
2025-09-29 16:50:24,944 - INFO - [MainThread] - organize_documents:979 - Destino: /home/roddek-dev/Escritorio/Documentos_Organizados
2025-09-29 16:50:24,944 - INFO - [MainThread] - organize_documents:980 - Modo: COPY
2025-09-29 16:50:24,947 - INFO - [MainThread] - organize_documents:986 - Encontrados 203 archivos para procesar
2025-09-29 16:50:24,947 - INFO - [MainThread] - organize_documents:993 - Usando 6 hilos para procesamiento
2025-09-29 16:50:25,454 - INFO - [ThreadPoolExecutor-0_0] - classify_file:667 - Código de formato detectado en contenido: GAF-JTH-SST-PD-07-FT-02 -> Categoría 24 en 26.3 Recomendaciones DIANA MILENA  BURITICA JARAMILLO 2024.pdf
2025-09-29 16:50:27,678 - INFO - [ThreadPoolExecutor-0_0] - classify_file:721 - Código de formato detectado en OCR: GAF-JTH-SST-PD-07-FT-02 -> Categoría 24 en 26.3 Recomendaciones DIANA MILENA  BURITICA JARAMILLO 2024.pdf
2025-09-29 16:50:27,973 - INFO - [ThreadPoolExecutor-0_1] - process_file:954 - Archivo procesado: 26.2 Concepto DIANA MILENA BURITICA JARAMILLO 2024.PDF -> 24 (contenido)
2025-09-29 16:50:28,030 - INFO - [ThreadPoolExecutor-0_0] - process_file:954 - Archivo procesado: 26.3 Recomendaciones DIANA MILENA  BURITICA JARAMILLO 2024.pdf -> 24 (contenido)
2025-09-29 16:51:13,561 - DEBUG - [ThreadPoolExecutor-0_0] - extract_text_with_ocr:324 - OCR exitoso en PDF: 13. No Inhabilidad Diana Buritica.pdf (488 chars)
2025-09-29 16:51:13,575 - INFO - [ThreadPoolExecutor-0_0] - process_file:954 - Archivo procesado: 13. No Inhabilidad Diana Buritica.pdf -> 22 (ocr)
2025-09-29 16:51:49,803 - DEBUG - [ThreadPoolExecutor-0_2] - extract_text_with_ocr:324 - OCR exitoso en PDF: 25. Examen médico de ingreso.pdf (2132 chars)
2025-09-29 16:51:49,838 - INFO - [ThreadPoolExecutor-0_2] - process_file:954 - Archivo procesado: 25. Examen médico de ingreso.pdf -> 11 (ocr)
2025-09-29 16:51:52,047 - WARNING - [ThreadPoolExecutor-0_2] - classify_file:780 - Penalización por ambigüedad: -6 puntos para 25.1. PERIODICOS 2022 DIANA MILENA BURITICA JARAMILLO 101359039.pdf
2025-09-29 16:51:52,048 - INFO - [ThreadPoolExecutor-0_2] - process_file:954 - Archivo procesado: 25.1. PERIODICOS 2022 DIANA MILENA BURITICA JARAMILLO 101359039.pdf -> 24 (contenido)
2025-09-29 16:51:52,804 - DEBUG - [ThreadPoolExecutor-0_5] - extract_text_with_ocr:324 - OCR exitoso en PDF: 20. Afiliación ARL.pdf (1468 chars)
2025-09-29 16:51:52,826 - INFO - [ThreadPoolExecutor-0_5] - process_file:954 - Archivo procesado: 20. Afiliación ARL.pdf -> 06 (ocr)
2025-09-29 16:51:53,851 - INFO - [ThreadPoolExecutor-0_5] - process_file:954 - Archivo procesado: 4.6 CERT. LABORAL LDMATTO- DIANA CURITICA.pdf -> 03 (contenido)
2025-09-29 16:52:00,320 - DEBUG - [ThreadPoolExecutor-0_4] - extract_text_with_ocr:324 - OCR exitoso en PDF: 23.1 Inducción Corporativa.pdf (1002 chars)
2025-09-29 16:52:00,353 - INFO - [ThreadPoolExecutor-0_4] - process_file:954 - Archivo procesado: 23.1 Inducción Corporativa.pdf -> 19 (nombre_archivo)
2025-09-29 16:52:01,319 - DEBUG - [ThreadPoolExecutor-0_0] - extract_text_with_ocr:324 - OCR exitoso en PDF: 21. Afiliación Caja de Compensación.pdf (1261 chars)
2025-09-29 16:52:01,324 - WARNING - [ThreadPoolExecutor-0_0] - classify_file:729 - ELIMINACIÓN INMEDIATA: Categoría 03 eliminada por OCR con 'hoja de vida': 21. Afiliación Caja de Compensación.pdf
2025-09-29 16:52:01,343 - INFO - [ThreadPoolExecutor-0_0] - process_file:954 - Archivo procesado: 21. Afiliación Caja de Compensación.pdf -> 07 (ocr)
2025-09-29 16:52:01,697 - INFO - [ThreadPoolExecutor-0_4] - process_file:954 - Archivo procesado: 23.2 SOPORTE INDUCCIÓN REINDUCCIÓN - DIANA MILENA BURITICA.pdf -> 19 (contenido)
2025-09-29 16:52:02,753 - INFO - [ThreadPoolExecutor-0_4] - classify_file:667 - Código de formato detectado en contenido: GTE-PD-05-FT-01 -> Categoría 21 en 12. AUTORIZACION TTO DATOS - DIANA BURITICA.pdf
2025-09-29 16:52:03,827 - DEBUG - [ThreadPoolExecutor-0_1] - extract_text_with_ocr:324 - OCR exitoso en PDF: 5. Cédula  Buritica Jaramillo Diana Milena.pdf (869 chars)
2025-09-29 16:52:03,837 - WARNING - [ThreadPoolExecutor-0_1] - classify_file:792 - Archivo sin clasificar (0 < 15): 5. Cédula  Buritica Jaramillo Diana Milena.pdf
2025-09-29 16:52:03,865 - DEBUG - [ThreadPoolExecutor-0_2] - extract_text_with_ocr:324 - OCR exitoso en PDF: 4.3. CERT. LABORAL CONFECCIONES PUBLICITARIAS- DIANA BURITICA.pdf (652 chars)
2025-09-29 16:52:03,865 - DEBUG - [ThreadPoolExecutor-0_3] - extract_text_with_ocr:324 - OCR exitoso en PDF: 4.4. CERT. LABORAL FND- DIANA BURITICA.pdf (2417 chars)
2025-09-29 16:52:03,873 - WARNING - [ThreadPoolExecutor-0_2] - classify_file:792 - Archivo sin clasificar (29 < 40): 4.3. CERT. LABORAL CONFECCIONES PUBLICITARIAS- DIANA BURITICA.pdf
2025-09-29 16:52:03,896 - WARNING - [ThreadPoolExecutor-0_3] - classify_file:792 - Archivo sin clasificar (29 < 40): 4.4. CERT. LABORAL FND- DIANA BURITICA.pdf
2025-09-29 16:52:03,917 - WARNING - [ThreadPoolExecutor-0_1] - process_file:952 - Archivo pendiente de revisar: 5. Cédula  Buritica Jaramillo Diana Milena.pdf -> sin_coincidencias
2025-09-29 16:52:04,090 - WARNING - [ThreadPoolExecutor-0_2] - process_file:952 - Archivo pendiente de revisar: 4.3. CERT. LABORAL CONFECCIONES PUBLICITARIAS- DIANA BURITICA.pdf -> baja_confianza
2025-09-29 16:52:04,396 - WARNING - [ThreadPoolExecutor-0_3] - process_file:952 - Archivo pendiente de revisar: 4.4. CERT. LABORAL FND- DIANA BURITICA.pdf -> baja_confianza
2025-09-29 16:52:04,516 - INFO - [ThreadPoolExecutor-0_4] - classify_file:721 - Código de formato detectado en OCR: GTE-PD-05-FT-01 -> Categoría 21 en 12. AUTORIZACION TTO DATOS - DIANA BURITICA.pdf
2025-09-29 16:52:04,670 - INFO - [ThreadPoolExecutor-0_4] - process_file:954 - Archivo procesado: 12. AUTORIZACION TTO DATOS - DIANA BURITICA.pdf -> 21 (contenido)
2025-09-29 16:52:05,948 - DEBUG - [ThreadPoolExecutor-0_3] - extract_text_with_ocr:339 - OCR exitoso en imagen: 17. FOTO DIANA BURITICA.jpeg (39 chars)
2025-09-29 16:52:06,017 - INFO - [ThreadPoolExecutor-0_3] - process_file:954 - Archivo procesado: 17. FOTO DIANA BURITICA.jpeg -> 20 (nombre_archivo)
2025-09-29 16:52:41,234 - DEBUG - [ThreadPoolExecutor-0_1] - extract_text_with_ocr:324 - OCR exitoso en PDF: 7. Certificación Contraloria Buritica Jaramillo Diana Milena.pdf (914 chars)
2025-09-29 16:52:41,242 - WARNING - [ThreadPoolExecutor-0_1] - classify_file:780 - Penalización por ambigüedad: -9 puntos para 7. Certificación Contraloria Buritica Jaramillo Diana Milena.pdf
2025-09-29 16:52:41,245 - INFO - [ThreadPoolExecutor-0_1] - process_file:954 - Archivo procesado: 7. Certificación Contraloria Buritica Jaramillo Diana Milena.pdf -> 13 (ocr)
2025-09-29 16:52:54,444 - DEBUG - [ThreadPoolExecutor-0_3] - extract_text_with_ocr:324 - OCR exitoso en PDF: 4.1. CERT. LABORAL ACCION - DIANA BURITICA.pdf (867 chars)
2025-09-29 16:52:54,458 - WARNING - [ThreadPoolExecutor-0_3] - classify_file:792 - Archivo sin clasificar (24 < 40): 4.1. CERT. LABORAL ACCION - DIANA BURITICA.pdf
2025-09-29 16:52:54,468 - WARNING - [ThreadPoolExecutor-0_3] - process_file:952 - Archivo pendiente de revisar: 4.1. CERT. LABORAL ACCION - DIANA BURITICA.pdf -> baja_confianza
2025-09-29 16:52:57,244 - DEBUG - [ThreadPoolExecutor-0_0] - extract_text_with_ocr:324 - OCR exitoso en PDF: 18.1. CERT. AFILIACION FAMISANAR- DIANA BURITICA.pdf (689 chars)
2025-09-29 16:52:57,263 - INFO - [ThreadPoolExecutor-0_0] - process_file:954 - Archivo procesado: 18.1. CERT. AFILIACION FAMISANAR- DIANA BURITICA.pdf -> 03 (ocr)
2025-09-29 16:53:13,376 - DEBUG - [ThreadPoolExecutor-0_4] - extract_text_with_ocr:324 - OCR exitoso en PDF: 26.1 SABANA DE NOTAS- DIANA BURITICA.pdf (1273 chars)
2025-09-29 16:53:13,387 - INFO - [ThreadPoolExecutor-0_4] - process_file:954 - Archivo procesado: 26.1 SABANA DE NOTAS- DIANA BURITICA.pdf -> 03 (ocr)
2025-09-29 16:53:13,404 - WARNING - [ThreadPoolExecutor-0_4] - classify_file:574 - ELIMINACIÓN INMEDIATA: Categoría 03 eliminada por contener 'hoja de vida' en nombre de archivo: 2. Hoja de vida Diana Buritica.pdf
2025-09-29 16:53:17,060 - DEBUG - [ThreadPoolExecutor-0_1] - extract_text_with_ocr:324 - OCR exitoso en PDF: 14. CARTA AFILIACION- DIANA BURTIICA.pdf (521 chars)
2025-09-29 16:53:17,079 - WARNING - [ThreadPoolExecutor-0_1] - classify_file:792 - Archivo sin clasificar (8 < 15): 14. CARTA AFILIACION- DIANA BURTIICA.pdf
2025-09-29 16:53:17,110 - WARNING - [ThreadPoolExecutor-0_1] - process_file:952 - Archivo pendiente de revisar: 14. CARTA AFILIACION- DIANA BURTIICA.pdf -> baja_confianza
2025-09-29 16:53:17,851 - DEBUG - [ThreadPoolExecutor-0_2] - extract_text_with_ocr:324 - OCR exitoso en PDF: 8. Certificado Policia Nacional Buritica Jaramillo Diana Milena.pdf (1183 chars)
2025-09-29 16:53:17,871 - WARNING - [ThreadPoolExecutor-0_2] - classify_file:780 - Penalización por ambigüedad: -6 puntos para 8. Certificado Policia Nacional Buritica Jaramillo Diana Milena.pdf
2025-09-29 16:53:17,881 - INFO - [ThreadPoolExecutor-0_2] - process_file:954 - Archivo procesado: 8. Certificado Policia Nacional Buritica Jaramillo Diana Milena.pdf -> 14 (ocr)
2025-09-29 16:53:18,197 - WARNING - [ThreadPoolExecutor-0_2] - classify_file:675 - ELIMINACIÓN INMEDIATA: Categoría 03 eliminada por contenido con 'hoja de vida': 0. LISTA DE CHEQUEO BURITICA JARAMILLO DIANA MILENA.xlsx
2025-09-29 16:53:18,199 - INFO - [ThreadPoolExecutor-0_2] - process_file:954 - Archivo procesado: 0. LISTA DE CHEQUEO BURITICA JARAMILLO DIANA MILENA.xlsx -> 00 (contenido)
2025-09-29 16:53:25,233 - DEBUG - [ThreadPoolExecutor-0_3] - extract_text_with_ocr:324 - OCR exitoso en PDF: 4.5 CERT. LABORAL CONTRALORIA- DIANA BURITICA.pdf (1089 chars)
2025-09-29 16:53:25,276 - WARNING - [ThreadPoolExecutor-0_3] - classify_file:780 - Penalización por ambigüedad: -6 puntos para 4.5 CERT. LABORAL CONTRALORIA- DIANA BURITICA.pdf
2025-09-29 16:53:25,293 - INFO - [ThreadPoolExecutor-0_3] - process_file:954 - Archivo procesado: 4.5 CERT. LABORAL CONTRALORIA- DIANA BURITICA.pdf -> 03 (ocr)
2025-09-29 16:53:27,766 - DEBUG - [ThreadPoolExecutor-0_1] - extract_text_with_ocr:324 - OCR exitoso en PDF: 4.2. CERT. LABORAL CONTAC CENTER AMERICAS- DIAN BURITICA.pdf (811 chars)
2025-09-29 16:53:27,783 - WARNING - [ThreadPoolExecutor-0_1] - classify_file:792 - Archivo sin clasificar (29 < 40): 4.2. CERT. LABORAL CONTAC CENTER AMERICAS- DIAN BURITICA.pdf
2025-09-29 16:53:27,831 - WARNING - [ThreadPoolExecutor-0_1] - process_file:952 - Archivo pendiente de revisar: 4.2. CERT. LABORAL CONTAC CENTER AMERICAS- DIAN BURITICA.pdf -> baja_confianza
2025-09-29 16:53:28,088 - DEBUG - [ThreadPoolExecutor-0_5] - extract_text_with_ocr:324 - OCR exitoso en PDF: 6. Certificación procuraduria.pdf (2528 chars)
2025-09-29 16:53:28,110 - WARNING - [ThreadPoolExecutor-0_5] - classify_file:780 - Penalización por ambigüedad: -15 puntos para 6. Certificación procuraduria.pdf
2025-09-29 16:53:28,248 - INFO - [ThreadPoolExecutor-0_5] - process_file:954 - Archivo procesado: 6. Certificación procuraduria.pdf -> 12 (ocr)
2025-09-29 16:53:29,875 - DEBUG - [ThreadPoolExecutor-0_0] - extract_text_with_ocr:324 - OCR exitoso en PDF: 18. Afiliación EPS.pdf (3755 chars)
2025-09-29 16:53:29,888 - INFO - [ThreadPoolExecutor-0_0] - process_file:954 - Archivo procesado: 18. Afiliación EPS.pdf -> 05 (ocr)
2025-09-29 16:53:30,157 - INFO - [ThreadPoolExecutor-0_0] - classify_file:667 - Código de formato detectado en contenido: GAF-JTH-SST-PD-07-FT-02 -> Categoría 24 en 26 Entrega Recomo Diana Buritica.pdf
2025-09-29 16:53:30,815 - INFO - [ThreadPoolExecutor-0_0] - classify_file:721 - Código de formato detectado en OCR: GAF-JTH-SST-PD-07-FT-02 -> Categoría 24 en 26 Entrega Recomo Diana Buritica.pdf
2025-09-29 16:53:30,821 - INFO - [ThreadPoolExecutor-0_0] - process_file:954 - Archivo procesado: 26 Entrega Recomo Diana Buritica.pdf -> 24 (contenido)
2025-09-29 16:53:31,026 - DEBUG - [ThreadPoolExecutor-0_3] - extract_text_with_ocr:324 - OCR exitoso en PDF: 3. Certificados de estudio Diana Buritica.pdf (546 chars)
2025-09-29 16:53:31,029 - WARNING - [ThreadPoolExecutor-0_3] - classify_file:780 - Penalización por ambigüedad: -6 puntos para 3. Certificados de estudio Diana Buritica.pdf
2025-09-29 16:53:31,066 - INFO - [ThreadPoolExecutor-0_3] - process_file:954 - Archivo procesado: 3. Certificados de estudio Diana Buritica.pdf -> 03 (ocr)
2025-09-29 16:53:32,731 - DEBUG - [ThreadPoolExecutor-0_2] - extract_text_with_ocr:324 - OCR exitoso en PDF: 1. REQUISION DIANA BURITICA.pdf (1051 chars)
2025-09-29 16:53:32,736 - WARNING - [ThreadPoolExecutor-0_2] - classify_file:729 - ELIMINACIÓN INMEDIATA: Categoría 03 eliminada por OCR con 'hoja de vida': 1. REQUISION DIANA BURITICA.pdf
2025-09-29 16:53:32,738 - WARNING - [ThreadPoolExecutor-0_2] - classify_file:792 - Archivo sin clasificar (12 < 15): 1. REQUISION DIANA BURITICA.pdf
2025-09-29 16:53:32,784 - WARNING - [ThreadPoolExecutor-0_2] - process_file:952 - Archivo pendiente de revisar: 1. REQUISION DIANA BURITICA.pdf -> baja_confianza
2025-09-29 16:53:32,952 - WARNING - [ThreadPoolExecutor-0_3] - classify_file:792 - Archivo sin clasificar (13 < 15): SUSPENSION DCHO PETICIÓN DIANA BURITICA.pdf
2025-09-29 16:53:32,955 - WARNING - [ThreadPoolExecutor-0_3] - process_file:952 - Archivo pendiente de revisar: SUSPENSION DCHO PETICIÓN DIANA BURITICA.pdf -> baja_confianza
2025-09-29 16:53:34,053 - WARNING - [ThreadPoolExecutor-0_2] - classify_file:792 - Archivo sin clasificar (8 < 40): INCLUSIÓN GRUPO FAMILIAR EN FAMISANAR - SOFIA QUINTERO BURTICA.pdf
2025-09-29 16:53:34,074 - INFO - [ThreadPoolExecutor-0_0] - process_file:954 - Archivo procesado: 23  INDUCCIONES DIANA BURITICA.pdf -> 19 (nombre_archivo)
2025-09-29 16:53:34,109 - WARNING - [ThreadPoolExecutor-0_2] - process_file:952 - Archivo pendiente de revisar: INCLUSIÓN GRUPO FAMILIAR EN FAMISANAR - SOFIA QUINTERO BURTICA.pdf -> baja_confianza
2025-09-29 16:53:34,188 - ERROR - [ThreadPoolExecutor-0_0] - extract_text_from_pdf:246 - Error extrayendo texto de PDF /home/roddek-dev/Escritorio/Documentos_Desordenados/BURITICA JARAMILLO DIANA MILENA- CC 1013590392-20250925T223006Z-1-001/BURITICA JARAMILLO DIANA MILENA- CC 1013590392/NOVEDADES/banserfin DIANA MILENA BURITICA JARAMILLO.pdf: 
2025-09-29 16:53:34,248 - WARNING - [ThreadPoolExecutor-0_0] - is_pdf_scanned:198 - Error verificando PDF escaneado /home/roddek-dev/Escritorio/Documentos_Desordenados/BURITICA JARAMILLO DIANA MILENA- CC 1013590392-20250925T223006Z-1-001/BURITICA JARAMILLO DIANA MILENA- CC 1013590392/NOVEDADES/banserfin DIANA MILENA BURITICA JARAMILLO.pdf: 
2025-09-29 16:53:34,301 - ERROR - [ThreadPoolExecutor-0_0] - extract_text_with_ocr:328 - Error convirtiendo PDF para OCR /home/roddek-dev/Escritorio/Documentos_Desordenados/BURITICA JARAMILLO DIANA MILENA- CC 1013590392-20250925T223006Z-1-001/BURITICA JARAMILLO DIANA MILENA- CC 1013590392/NOVEDADES/banserfin DIANA MILENA BURITICA JARAMILLO.pdf: Unable to get page count.
Command Line Error: Incorrect password

2025-09-29 16:53:34,307 - WARNING - [ThreadPoolExecutor-0_0] - classify_file:792 - Archivo sin clasificar (0 < 15): banserfin DIANA MILENA BURITICA JARAMILLO.pdf
2025-09-29 16:53:34,364 - WARNING - [ThreadPoolExecutor-0_0] - process_file:952 - Archivo pendiente de revisar: banserfin DIANA MILENA BURITICA JARAMILLO.pdf -> sin_coincidencias
2025-09-29 16:53:35,407 - INFO - [ThreadPoolExecutor-0_3] - process_file:954 - Archivo procesado: FINCOMERCIO 06-10- 2023DIANA BURITICA.pdf -> 32 (contenido)
2025-09-29 16:53:35,546 - DEBUG - [ThreadPoolExecutor-0_4] - extract_text_with_ocr:324 - OCR exitoso en PDF: 2. Hoja de vida Diana Buritica.pdf (2436 chars)
2025-09-29 16:53:35,561 - WARNING - [ThreadPoolExecutor-0_4] - classify_file:729 - ELIMINACIÓN INMEDIATA: Categoría 03 eliminada por OCR con 'hoja de vida': 2. Hoja de vida Diana Buritica.pdf
2025-09-29 16:53:35,641 - INFO - [ThreadPoolExecutor-0_4] - process_file:954 - Archivo procesado: 2. Hoja de vida Diana Buritica.pdf -> 02 (ocr)
2025-09-29 16:53:36,236 - INFO - [ThreadPoolExecutor-0_2] - process_file:954 - Archivo procesado: registro civil Sofia (1).pdf -> 10 (contenido)
2025-09-29 16:53:36,658 - WARNING - [ThreadPoolExecutor-0_2] - classify_file:675 - ELIMINACIÓN INMEDIATA: Categoría 03 eliminada por contenido con 'hoja de vida': APROBACION CESANTIAS DIANA BURITICA 02-2024.pdf
2025-09-29 16:53:37,160 - INFO - [ThreadPoolExecutor-0_3] - process_file:954 - Archivo procesado: DIANA MILENA BURITICA JARAMILLO Certificado50_horas (1).pdf -> 10 (contenido)
2025-09-29 16:53:37,200 - WARNING - [ThreadPoolExecutor-0_2] - classify_file:729 - ELIMINACIÓN INMEDIATA: Categoría 03 eliminada por OCR con 'hoja de vida': APROBACION CESANTIAS DIANA BURITICA 02-2024.pdf
2025-09-29 16:53:37,217 - WARNING - [ThreadPoolExecutor-0_2] - classify_file:780 - Penalización por ambigüedad: -6 puntos para APROBACION CESANTIAS DIANA BURITICA 02-2024.pdf
2025-09-29 16:53:37,228 - WARNING - [ThreadPoolExecutor-0_2] - classify_file:792 - Archivo sin clasificar (38 < 40): APROBACION CESANTIAS DIANA BURITICA 02-2024.pdf
2025-09-29 16:53:37,258 - WARNING - [ThreadPoolExecutor-0_2] - process_file:952 - Archivo pendiente de revisar: APROBACION CESANTIAS DIANA BURITICA 02-2024.pdf -> baja_confianza
2025-09-29 16:53:37,760 - DEBUG - [ThreadPoolExecutor-0_1] - extract_text_with_ocr:324 - OCR exitoso en PDF: 10. Certificación bancaria Diana Buritica.pdf (1469 chars)
2025-09-29 16:53:37,763 - WARNING - [ThreadPoolExecutor-0_1] - classify_file:780 - Penalización por ambigüedad: -9 puntos para 10. Certificación bancaria Diana Buritica.pdf
2025-09-29 16:53:37,792 - WARNING - [ThreadPoolExecutor-0_1] - classify_file:788 - Empate después de penalizaciones en ['03', '04', '13'] para: 10. Certificación bancaria Diana Buritica.pdf
2025-09-29 16:53:37,826 - WARNING - [ThreadPoolExecutor-0_1] - process_file:952 - Archivo pendiente de revisar: 10. Certificación bancaria Diana Buritica.pdf -> empate_post_penalizacion
2025-09-29 16:53:38,344 - INFO - [ThreadPoolExecutor-0_3] - process_file:954 - Archivo procesado: INCAPACIDAD DIANA BURITICA FEB2024.pdf -> 27 (carpeta_padre)
2025-09-29 16:53:38,642 - WARNING - [ThreadPoolExecutor-0_4] - classify_file:780 - Penalización por ambigüedad: -6 puntos para AUTORIZACIÓN RETIRO DE CESANTÍAS 2025 DIANA BURITICÁ.pdf
2025-09-29 16:53:38,642 - WARNING - [ThreadPoolExecutor-0_4] - classify_file:792 - Archivo sin clasificar (38 < 40): AUTORIZACIÓN RETIRO DE CESANTÍAS 2025 DIANA BURITICÁ.pdf
2025-09-29 16:53:38,819 - WARNING - [ThreadPoolExecutor-0_4] - process_file:952 - Archivo pendiente de revisar: AUTORIZACIÓN RETIRO DE CESANTÍAS 2025 DIANA BURITICÁ.pdf -> baja_confianza
2025-09-29 16:53:39,359 - INFO - [ThreadPoolExecutor-0_1] - classify_file:667 - Código de formato detectado en contenido: GAF-JTH-PD-02-FT-02 -> Categoría 25 en PERMISO TEC DIANA BURITICA 29-02-2024.pdf
2025-09-29 16:53:40,200 - INFO - [ThreadPoolExecutor-0_4] - classify_file:667 - Código de formato detectado en contenido: GAF-JTH-PD-02-FT-02 -> Categoría 25 en SOLICITUD DIA DE LA FAMILIA II-2023 DIANA BURITICA 21-12-2023.pdf
2025-09-29 16:53:40,866 - INFO - [ThreadPoolExecutor-0_3] - classify_file:667 - Código de formato detectado en contenido: GAF-JTH-PD-02-FT-02 -> Categoría 25 en TEC DIANA BURITICA 05-07-2024.pdf
2025-09-29 16:53:41,380 - INFO - [ThreadPoolExecutor-0_4] - classify_file:721 - Código de formato detectado en OCR: GAF-JTH-PD-02-FT-02 -> Categoría 25 en SOLICITUD DIA DE LA FAMILIA II-2023 DIANA BURITICA 21-12-2023.pdf
2025-09-29 16:53:41,589 - INFO - [ThreadPoolExecutor-0_4] - process_file:954 - Archivo procesado: SOLICITUD DIA DE LA FAMILIA II-2023 DIANA BURITICA 21-12-2023.pdf -> 25 (carpeta_padre)
2025-09-29 16:53:42,124 - INFO - [ThreadPoolExecutor-0_1] - classify_file:721 - Código de formato detectado en OCR: GAF-JTH-PD-02-FT-02 -> Categoría 25 en PERMISO TEC DIANA BURITICA 29-02-2024.pdf
2025-09-29 16:53:42,185 - INFO - [ThreadPoolExecutor-0_1] - process_file:954 - Archivo procesado: PERMISO TEC DIANA BURITICA 29-02-2024.pdf -> 25 (carpeta_padre)
2025-09-29 16:53:43,047 - INFO - [ThreadPoolExecutor-0_3] - classify_file:721 - Código de formato detectado en OCR: GAF-JTH-PD-02-FT-02 -> Categoría 25 en TEC DIANA BURITICA 05-07-2024.pdf
2025-09-29 16:53:43,077 - INFO - [ThreadPoolExecutor-0_3] - process_file:954 - Archivo procesado: TEC DIANA BURITICA 05-07-2024.pdf -> 25 (carpeta_padre)
2025-09-29 16:53:43,406 - INFO - [ThreadPoolExecutor-0_4] - classify_file:667 - Código de formato detectado en contenido: GAF-JTH-PD-02-FT-02 -> Categoría 25 en PERMISO POR CITA MÉDICA DIANA BURITICA 01-08-2025_4.pdf
2025-09-29 16:53:44,712 - INFO - [ThreadPoolExecutor-0_3] - classify_file:667 - Código de formato detectado en contenido: GAF-JTH-PD-02-FT-02 -> Categoría 25 en DÍA DE LA FAMILIA DIANA BURITICÁ 07-03-2025.pdf
2025-09-29 16:53:45,429 - INFO - [ThreadPoolExecutor-0_4] - classify_file:721 - Código de formato detectado en OCR: GAF-JTH-PD-02-FT-02 -> Categoría 25 en PERMISO POR CITA MÉDICA DIANA BURITICA 01-08-2025_4.pdf
2025-09-29 16:53:45,588 - INFO - [ThreadPoolExecutor-0_4] - process_file:954 - Archivo procesado: PERMISO POR CITA MÉDICA DIANA BURITICA 01-08-2025_4.pdf -> 25 (carpeta_padre)
2025-09-29 16:53:46,683 - INFO - [ThreadPoolExecutor-0_1] - classify_file:667 - Código de formato detectado en contenido: GAF-JTH-PD-02-FT-02 -> Categoría 25 en PERMISO POR ESTUDIO DIANA BURITICA JUNIO 2025.pdf
2025-09-29 16:53:46,972 - INFO - [ThreadPoolExecutor-0_3] - classify_file:721 - Código de formato detectado en OCR: GAF-JTH-PD-02-FT-02 -> Categoría 25 en DÍA DE LA FAMILIA DIANA BURITICÁ 07-03-2025.pdf
2025-09-29 16:53:47,026 - INFO - [ThreadPoolExecutor-0_3] - process_file:954 - Archivo procesado: DÍA DE LA FAMILIA DIANA BURITICÁ 07-03-2025.pdf -> 25 (carpeta_padre)
2025-09-29 16:53:47,185 - DEBUG - [ThreadPoolExecutor-0_0] - extract_text_with_ocr:324 - OCR exitoso en PDF: c.c Sofia Quintero (1).pdf (604 chars)
2025-09-29 16:53:47,195 - WARNING - [ThreadPoolExecutor-0_0] - classify_file:792 - Archivo sin clasificar (0 < 15): c.c Sofia Quintero (1).pdf
2025-09-29 16:53:47,357 - WARNING - [ThreadPoolExecutor-0_0] - process_file:952 - Archivo pendiente de revisar: c.c Sofia Quintero (1).pdf -> sin_coincidencias
2025-09-29 16:53:47,883 - INFO - [ThreadPoolExecutor-0_4] - classify_file:667 - Código de formato detectado en contenido: GAF-JTH-PD-02-FT-02 -> Categoría 25 en LICENCIA CALAMIDAD DOMÉSTICA DIANA BURITICA 08-08-2025.pdf
2025-09-29 16:53:47,969 - INFO - [ThreadPoolExecutor-0_3] - classify_file:667 - Código de formato detectado en contenido: GAF-JTH-PD-02-FT-02 -> Categoría 25 en PERMISO POR ASUNTOS FAMILIARES DIANA BURITICA 16-05-2025.pdf
2025-09-29 16:53:48,689 - INFO - [ThreadPoolExecutor-0_3] - classify_file:721 - Código de formato detectado en OCR: GAF-JTH-PD-02-FT-02 -> Categoría 25 en PERMISO POR ASUNTOS FAMILIARES DIANA BURITICA 16-05-2025.pdf
2025-09-29 16:53:48,730 - INFO - [ThreadPoolExecutor-0_3] - process_file:954 - Archivo procesado: PERMISO POR ASUNTOS FAMILIARES DIANA BURITICA 16-05-2025.pdf -> 25 (carpeta_padre)
2025-09-29 16:53:49,376 - INFO - [ThreadPoolExecutor-0_4] - classify_file:721 - Código de formato detectado en OCR: GAF-JTH-PD-02-FT-02 -> Categoría 25 en LICENCIA CALAMIDAD DOMÉSTICA DIANA BURITICA 08-08-2025.pdf
2025-09-29 16:53:49,415 - INFO - [ThreadPoolExecutor-0_4] - process_file:954 - Archivo procesado: LICENCIA CALAMIDAD DOMÉSTICA DIANA BURITICA 08-08-2025.pdf -> 25 (carpeta_padre)
2025-09-29 16:53:49,940 - INFO - [ThreadPoolExecutor-0_1] - classify_file:721 - Código de formato detectado en OCR: GAF-JTH-PD-02-FT-02 -> Categoría 25 en PERMISO POR ESTUDIO DIANA BURITICA JUNIO 2025.pdf
2025-09-29 16:53:50,021 - INFO - [ThreadPoolExecutor-0_1] - process_file:954 - Archivo procesado: PERMISO POR ESTUDIO DIANA BURITICA JUNIO 2025.pdf -> 25 (carpeta_padre)
2025-09-29 16:53:50,271 - INFO - [ThreadPoolExecutor-0_0] - classify_file:667 - Código de formato detectado en contenido: GAF-JTH-PD-02-FT-02 -> Categoría 25 en TEC DIANA BURTIICA 29-07-2024.pdf
2025-09-29 16:53:50,762 - INFO - [ThreadPoolExecutor-0_4] - classify_file:667 - Código de formato detectado en contenido: GAF-JTH-PD-02-FT-02 -> Categoría 25 en SOLICITUD DIA DE LA FAMILIA I-2023 DIANA BURTICA.pdf
2025-09-29 16:53:50,824 - INFO - [ThreadPoolExecutor-0_3] - classify_file:667 - Código de formato detectado en contenido: GAF-JTH-PD-02-FT-02 -> Categoría 25 en PERMISO POR CUMPLEAÑOS DIANA BURITICA 02-09-2024.pdf
2025-09-29 16:53:52,000 - INFO - [ThreadPoolExecutor-0_4] - classify_file:721 - Código de formato detectado en OCR: GAF-JTH-PD-02-FT-02 -> Categoría 25 en SOLICITUD DIA DE LA FAMILIA I-2023 DIANA BURTICA.pdf
2025-09-29 16:53:52,113 - INFO - [ThreadPoolExecutor-0_4] - process_file:954 - Archivo procesado: SOLICITUD DIA DE LA FAMILIA I-2023 DIANA BURTICA.pdf -> 25 (carpeta_padre)
2025-09-29 16:53:53,056 - INFO - [ThreadPoolExecutor-0_1] - classify_file:667 - Código de formato detectado en contenido: GAF-JTH-PD-02-FT-02 -> Categoría 25 en PERMISO TEC DIANA BURITICA 07-02-2024.pdf
2025-09-29 16:53:53,323 - DEBUG - [ThreadPoolExecutor-0_2] - extract_text_with_ocr:324 - OCR exitoso en PDF: INCAPACIDAD DIANA BURITICA AGOS2024A.pdf (830 chars)
2025-09-29 16:53:53,368 - INFO - [ThreadPoolExecutor-0_3] - classify_file:721 - Código de formato detectado en OCR: GAF-JTH-PD-02-FT-02 -> Categoría 25 en PERMISO POR CUMPLEAÑOS DIANA BURITICA 02-09-2024.pdf
2025-09-29 16:53:53,400 - INFO - [ThreadPoolExecutor-0_2] - process_file:954 - Archivo procesado: INCAPACIDAD DIANA BURITICA AGOS2024A.pdf -> 27 (carpeta_padre)
2025-09-29 16:53:53,420 - INFO - [ThreadPoolExecutor-0_3] - process_file:954 - Archivo procesado: PERMISO POR CUMPLEAÑOS DIANA BURITICA 02-09-2024.pdf -> 25 (carpeta_padre)
2025-09-29 16:53:53,810 - INFO - [ThreadPoolExecutor-0_0] - classify_file:721 - Código de formato detectado en OCR: GAF-JTH-PD-02-FT-02 -> Categoría 25 en TEC DIANA BURTIICA 29-07-2024.pdf
2025-09-29 16:53:53,842 - INFO - [ThreadPoolExecutor-0_0] - process_file:954 - Archivo procesado: TEC DIANA BURTIICA 29-07-2024.pdf -> 25 (carpeta_padre)
2025-09-29 16:53:54,974 - INFO - [ThreadPoolExecutor-0_1] - classify_file:721 - Código de formato detectado en OCR: GAF-JTH-PD-02-FT-02 -> Categoría 25 en PERMISO TEC DIANA BURITICA 07-02-2024.pdf
2025-09-29 16:53:55,037 - INFO - [ThreadPoolExecutor-0_1] - process_file:954 - Archivo procesado: PERMISO TEC DIANA BURITICA 07-02-2024.pdf -> 25 (carpeta_padre)
2025-09-29 16:53:55,392 - INFO - [ThreadPoolExecutor-0_4] - classify_file:667 - Código de formato detectado en contenido: GAF-JTH-PD-02-FT-02 -> Categoría 25 en DIA DE LA FAMILIA DIANA BURITICA 02-10-2024.pdf
2025-09-29 16:53:55,403 - INFO - [ThreadPoolExecutor-0_2] - classify_file:667 - Código de formato detectado en contenido: GAF-JTH-PD-02-FT-02 -> Categoría 25 en PERMISO POR ASUNTOS FAMILIARES DIANA BURITICA  27-05-2025 Y 28-05-2028 1H.pdf
2025-09-29 16:53:55,955 - INFO - [ThreadPoolExecutor-0_3] - classify_file:667 - Código de formato detectado en contenido: GAF-JTH-PD-02-FT-02 -> Categoría 25 en PERMISO POR VOTACION DIANA BURITICA 28-11-2023.pdf
2025-09-29 16:53:56,455 - INFO - [ThreadPoolExecutor-0_0] - classify_file:667 - Código de formato detectado en contenido: GAF-JTH-PD-02-FT-02 -> Categoría 25 en TEC DIANA BURITICA 21-11-2024.pdf
2025-09-29 16:53:56,996 - INFO - [ThreadPoolExecutor-0_3] - classify_file:721 - Código de formato detectado en OCR: GAF-JTH-PD-02-FT-02 -> Categoría 25 en PERMISO POR VOTACION DIANA BURITICA 28-11-2023.pdf
2025-09-29 16:53:57,210 - INFO - [ThreadPoolExecutor-0_3] - process_file:954 - Archivo procesado: PERMISO POR VOTACION DIANA BURITICA 28-11-2023.pdf -> 25 (carpeta_padre)
2025-09-29 16:53:57,333 - INFO - [ThreadPoolExecutor-0_2] - classify_file:721 - Código de formato detectado en OCR: GAF-JTH-PD-02-FT-02 -> Categoría 25 en PERMISO POR ASUNTOS FAMILIARES DIANA BURITICA  27-05-2025 Y 28-05-2028 1H.pdf
2025-09-29 16:53:57,479 - INFO - [ThreadPoolExecutor-0_2] - process_file:954 - Archivo procesado: PERMISO POR ASUNTOS FAMILIARES DIANA BURITICA  27-05-2025 Y 28-05-2028 1H.pdf -> 25 (carpeta_padre)
2025-09-29 16:53:57,859 - INFO - [ThreadPoolExecutor-0_1] - classify_file:667 - Código de formato detectado en contenido: GAF-JTH-PD-02-FT-02 -> Categoría 25 en SOLICITUD DIA DE LA FAMILIA I-2024 DIANA BURITICA 26-04-2024.pdf
2025-09-29 16:53:57,905 - INFO - [ThreadPoolExecutor-0_4] - classify_file:721 - Código de formato detectado en OCR: GAF-JTH-PD-02-FT-02 -> Categoría 25 en DIA DE LA FAMILIA DIANA BURITICA 02-10-2024.pdf
2025-09-29 16:53:57,907 - INFO - [ThreadPoolExecutor-0_4] - process_file:954 - Archivo procesado: DIA DE LA FAMILIA DIANA BURITICA 02-10-2024.pdf -> 25 (carpeta_padre)
2025-09-29 16:53:58,355 - INFO - [ThreadPoolExecutor-0_0] - classify_file:721 - Código de formato detectado en OCR: GAF-JTH-PD-02-FT-02 -> Categoría 25 en TEC DIANA BURITICA 21-11-2024.pdf
2025-09-29 16:53:58,399 - INFO - [ThreadPoolExecutor-0_0] - process_file:954 - Archivo procesado: TEC DIANA BURITICA 21-11-2024.pdf -> 25 (carpeta_padre)
2025-09-29 16:53:58,646 - INFO - [ThreadPoolExecutor-0_2] - classify_file:667 - Código de formato detectado en contenido: GAF-JTH-PD-02-FT-02 -> Categoría 25 en PERMISO POR ASUNTOS PERSONALES DIANA BURITICA 18-06-2025_2.pdf
2025-09-29 16:53:59,031 - INFO - [ThreadPoolExecutor-0_1] - classify_file:721 - Código de formato detectado en OCR: GAF-JTH-PD-02-FT-02 -> Categoría 25 en SOLICITUD DIA DE LA FAMILIA I-2024 DIANA BURITICA 26-04-2024.pdf
2025-09-29 16:53:59,089 - INFO - [ThreadPoolExecutor-0_1] - process_file:954 - Archivo procesado: SOLICITUD DIA DE LA FAMILIA I-2024 DIANA BURITICA 26-04-2024.pdf -> 25 (carpeta_padre)
2025-09-29 16:53:59,262 - INFO - [ThreadPoolExecutor-0_4] - classify_file:667 - Código de formato detectado en contenido: GAF-JTH-PD-02-FT-02 -> Categoría 25 en PERMISO POR ASUNTOS PERSONALES DIANA BURITICA 29-05-2025.pdf
2025-09-29 16:53:59,794 - INFO - [ThreadPoolExecutor-0_3] - classify_file:667 - Código de formato detectado en contenido: GAF-JTH-PD-02-FT-02 -> Categoría 25 en TEC DIANA BURITICA 21-03-2025.pdf
2025-09-29 16:54:00,260 - INFO - [ThreadPoolExecutor-0_0] - classify_file:667 - Código de formato detectado en contenido: GAF-JTH-PD-02-FT-02 -> Categoría 25 en TEC DIANA BURTICA 20-11-2024.pdf
2025-09-29 16:54:00,290 - INFO - [ThreadPoolExecutor-0_2] - classify_file:721 - Código de formato detectado en OCR: GAF-JTH-PD-02-FT-02 -> Categoría 25 en PERMISO POR ASUNTOS PERSONALES DIANA BURITICA 18-06-2025_2.pdf
2025-09-29 16:54:00,375 - INFO - [ThreadPoolExecutor-0_2] - process_file:954 - Archivo procesado: PERMISO POR ASUNTOS PERSONALES DIANA BURITICA 18-06-2025_2.pdf -> 25 (carpeta_padre)
2025-09-29 16:54:00,568 - INFO - [ThreadPoolExecutor-0_4] - classify_file:721 - Código de formato detectado en OCR: GAF-JTH-PD-02-FT-02 -> Categoría 25 en PERMISO POR ASUNTOS PERSONALES DIANA BURITICA 29-05-2025.pdf
2025-09-29 16:54:00,573 - INFO - [ThreadPoolExecutor-0_4] - process_file:954 - Archivo procesado: PERMISO POR ASUNTOS PERSONALES DIANA BURITICA 29-05-2025.pdf -> 25 (carpeta_padre)
2025-09-29 16:54:01,132 - WARNING - [ThreadPoolExecutor-0_2] - classify_file:675 - ELIMINACIÓN INMEDIATA: Categoría 03 eliminada por contenido con 'hoja de vida': Copia de Check Lisk expediente Laboral.pdf
2025-09-29 16:54:02,031 - WARNING - [ThreadPoolExecutor-0_2] - classify_file:729 - ELIMINACIÓN INMEDIATA: Categoría 03 eliminada por OCR con 'hoja de vida': Copia de Check Lisk expediente Laboral.pdf
2025-09-29 16:54:02,038 - WARNING - [ThreadPoolExecutor-0_2] - classify_file:780 - Penalización por ambigüedad: -9 puntos para Copia de Check Lisk expediente Laboral.pdf
2025-09-29 16:54:02,095 - INFO - [ThreadPoolExecutor-0_2] - process_file:954 - Archivo procesado: Copia de Check Lisk expediente Laboral.pdf -> 19 (contenido)
2025-09-29 16:54:02,395 - INFO - [ThreadPoolExecutor-0_0] - classify_file:721 - Código de formato detectado en OCR: GAF-JTH-PD-02-FT-02 -> Categoría 25 en TEC DIANA BURTICA 20-11-2024.pdf
2025-09-29 16:54:02,471 - INFO - [ThreadPoolExecutor-0_0] - process_file:954 - Archivo procesado: TEC DIANA BURTICA 20-11-2024.pdf -> 25 (carpeta_padre)
2025-09-29 16:54:02,788 - INFO - [ThreadPoolExecutor-0_3] - classify_file:721 - Código de formato detectado en OCR: GAF-JTH-PD-02-FT-02 -> Categoría 25 en TEC DIANA BURITICA 21-03-2025.pdf
2025-09-29 16:54:02,868 - INFO - [ThreadPoolExecutor-0_3] - process_file:954 - Archivo procesado: TEC DIANA BURITICA 21-03-2025.pdf -> 25 (carpeta_padre)
2025-09-29 16:54:03,572 - WARNING - [ThreadPoolExecutor-0_3] - classify_file:792 - Archivo sin clasificar (0 < 15): Copia de carta apertura cuenta.pdf
2025-09-29 16:54:03,671 - WARNING - [ThreadPoolExecutor-0_3] - process_file:952 - Archivo pendiente de revisar: Copia de carta apertura cuenta.pdf -> sin_coincidencias
2025-09-29 16:54:03,881 - INFO - [ThreadPoolExecutor-0_0] - classify_file:667 - Código de formato detectado en contenido: GAF-JTH-PD-01-FT-04 -> Categoría 00 en 1. LISTA DE CHEQUEO DIANA BURITICA.pdf
2025-09-29 16:54:03,887 - WARNING - [ThreadPoolExecutor-0_0] - classify_file:675 - ELIMINACIÓN INMEDIATA: Categoría 03 eliminada por contenido con 'hoja de vida': 1. LISTA DE CHEQUEO DIANA BURITICA.pdf
2025-09-29 16:54:05,301 - INFO - [ThreadPoolExecutor-0_0] - classify_file:721 - Código de formato detectado en OCR: GAF-JTH-PD-01-FT-04 -> Categoría 00 en 1. LISTA DE CHEQUEO DIANA BURITICA.pdf
2025-09-29 16:54:05,309 - WARNING - [ThreadPoolExecutor-0_0] - classify_file:729 - ELIMINACIÓN INMEDIATA: Categoría 03 eliminada por OCR con 'hoja de vida': 1. LISTA DE CHEQUEO DIANA BURITICA.pdf
2025-09-29 16:54:05,387 - INFO - [ThreadPoolExecutor-0_0] - process_file:954 - Archivo procesado: 1. LISTA DE CHEQUEO DIANA BURITICA.pdf -> 00 (contenido)
2025-09-29 16:54:06,493 - DEBUG - [ThreadPoolExecutor-0_5] - extract_text_with_ocr:324 - OCR exitoso en PDF: 22. Contrato de trabajo.pdf (2262 chars)
2025-09-29 16:54:06,497 - WARNING - [ThreadPoolExecutor-0_5] - classify_file:780 - Penalización por ambigüedad: -6 puntos para 22. Contrato de trabajo.pdf
2025-09-29 16:54:06,585 - INFO - [ThreadPoolExecutor-0_5] - process_file:954 - Archivo procesado: 22. Contrato de trabajo.pdf -> 09 (ocr)
2025-09-29 16:54:07,886 - INFO - [ThreadPoolExecutor-0_0] - classify_file:667 - Código de formato detectado en contenido: GAF-JTH-PD-02-FT-07 -> Categoría 28 en VACACIONES DISFRUTADAS DIANA BURITICA 11-08-2025 AL 12-08-2025.pdf
2025-09-29 16:54:08,830 - INFO - [ThreadPoolExecutor-0_5] - classify_file:667 - Código de formato detectado en contenido: GAF-JTH-PD-02-FT-07 -> Categoría 28 en VACACIONES DISFRUTADAS DIANA BURITICA 01-07-2025 AL 04-07-2025.pdf
2025-09-29 16:54:09,043 - WARNING - [ThreadPoolExecutor-0_3] - classify_file:792 - Archivo sin clasificar (13 < 15): ENVÍO PASIVO VACACIONAL DIANA BURITICÁ 31-12-2024.pdf
2025-09-29 16:54:09,110 - WARNING - [ThreadPoolExecutor-0_3] - process_file:952 - Archivo pendiente de revisar: ENVÍO PASIVO VACACIONAL DIANA BURITICÁ 31-12-2024.pdf -> baja_confianza
2025-09-29 16:54:10,527 - INFO - [ThreadPoolExecutor-0_3] - classify_file:667 - Código de formato detectado en contenido: GAF-JTH-PD-02-FT-07 -> Categoría 28 en VACACIONES DISFRUTADAS DIANA BURITICÁ FEB-MAR2025.pdf
2025-09-29 16:54:10,829 - INFO - [ThreadPoolExecutor-0_0] - classify_file:721 - Código de formato detectado en OCR: GAF-JTH-PD-02-FT-07 -> Categoría 28 en VACACIONES DISFRUTADAS DIANA BURITICA 11-08-2025 AL 12-08-2025.pdf
2025-09-29 16:54:10,886 - INFO - [ThreadPoolExecutor-0_5] - classify_file:721 - Código de formato detectado en OCR: GAF-JTH-PD-02-FT-07 -> Categoría 28 en VACACIONES DISFRUTADAS DIANA BURITICA 01-07-2025 AL 04-07-2025.pdf
2025-09-29 16:54:10,934 - INFO - [ThreadPoolExecutor-0_0] - process_file:954 - Archivo procesado: VACACIONES DISFRUTADAS DIANA BURITICA 11-08-2025 AL 12-08-2025.pdf -> 28 (carpeta_padre)
2025-09-29 16:54:11,005 - INFO - [ThreadPoolExecutor-0_5] - process_file:954 - Archivo procesado: VACACIONES DISFRUTADAS DIANA BURITICA 01-07-2025 AL 04-07-2025.pdf -> 28 (carpeta_padre)
2025-09-29 16:54:11,972 - INFO - [ThreadPoolExecutor-0_0] - classify_file:667 - Código de formato detectado en contenido: GAF-JTH-PD-02-FT-07 -> Categoría 28 en VACACIONES DISFRUTADAS DIANA BURITICA OCT 2024.pdf
2025-09-29 16:54:12,025 - INFO - [ThreadPoolExecutor-0_3] - classify_file:721 - Código de formato detectado en OCR: GAF-JTH-PD-02-FT-07 -> Categoría 28 en VACACIONES DISFRUTADAS DIANA BURITICÁ FEB-MAR2025.pdf
2025-09-29 16:54:12,032 - INFO - [ThreadPoolExecutor-0_3] - process_file:954 - Archivo procesado: VACACIONES DISFRUTADAS DIANA BURITICÁ FEB-MAR2025.pdf -> 28 (carpeta_padre)
2025-09-29 16:54:12,316 - INFO - [ThreadPoolExecutor-0_5] - classify_file:667 - Código de formato detectado en contenido: GAF-JTH-PD-02-FT-07 -> Categoría 28 en VACACIONES DIANA BURITICA MAR-ABR2024.pdf
2025-09-29 16:54:12,890 - INFO - [ThreadPoolExecutor-0_0] - classify_file:721 - Código de formato detectado en OCR: GAF-JTH-PD-02-FT-07 -> Categoría 28 en VACACIONES DISFRUTADAS DIANA BURITICA OCT 2024.pdf
2025-09-29 16:54:13,004 - INFO - [ThreadPoolExecutor-0_0] - process_file:954 - Archivo procesado: VACACIONES DISFRUTADAS DIANA BURITICA OCT 2024.pdf -> 28 (carpeta_padre)
2025-09-29 16:54:13,089 - INFO - [ThreadPoolExecutor-0_5] - classify_file:721 - Código de formato detectado en OCR: GAF-JTH-PD-02-FT-07 -> Categoría 28 en VACACIONES DIANA BURITICA MAR-ABR2024.pdf
2025-09-29 16:54:13,136 - INFO - [ThreadPoolExecutor-0_5] - process_file:954 - Archivo procesado: VACACIONES DIANA BURITICA MAR-ABR2024.pdf -> 28 (carpeta_padre)
2025-09-29 16:54:13,504 - INFO - [ThreadPoolExecutor-0_3] - classify_file:667 - Código de formato detectado en contenido: GAF-JTH-PD-02-FT-07 -> Categoría 28 en VACACIONES DISFRUTADAS DIANA BURITICA ENE2025.pdf
2025-09-29 16:54:14,863 - INFO - [ThreadPoolExecutor-0_3] - classify_file:721 - Código de formato detectado en OCR: GAF-JTH-PD-02-FT-07 -> Categoría 28 en VACACIONES DISFRUTADAS DIANA BURITICA ENE2025.pdf
2025-09-29 16:54:14,983 - INFO - [ThreadPoolExecutor-0_3] - process_file:954 - Archivo procesado: VACACIONES DISFRUTADAS DIANA BURITICA ENE2025.pdf -> 28 (carpeta_padre)
2025-09-29 16:54:15,371 - INFO - [ThreadPoolExecutor-0_5] - process_file:954 - Archivo procesado: EXÁMEN MÉDICO PERIODICO 2025 BURITICA JARAMILLO DIANA MILENA_CC1013590392.pdf -> 24 (contenido)
2025-09-29 16:54:15,858 - INFO - [ThreadPoolExecutor-0_3] - process_file:954 - Archivo procesado: RECOMENDACIONES MÉDICAS 2025  BURITICA JARAMILLO DIANA MILENA_CC1013590392.pdf -> 24 (contenido)
2025-09-29 16:54:15,973 - WARNING - [ThreadPoolExecutor-0_5] - classify_file:675 - ELIMINACIÓN INMEDIATA: Categoría 03 eliminada por contenido con 'hoja de vida': 0. LISTA DE CHEQUEO BERNAL FORERO MAYRA HAZENETH 14-11-2023.xlsx
2025-09-29 16:54:16,083 - WARNING - [ThreadPoolExecutor-0_0] - classify_file:792 - Archivo sin clasificar (13 < 15): EVALUACIÓN DE DESEMPEÑO 2025 DIANA MILENA BURITICA JARAMILLO.pdf
2025-09-29 16:54:16,135 - INFO - [ThreadPoolExecutor-0_5] - process_file:954 - Archivo procesado: 0. LISTA DE CHEQUEO BERNAL FORERO MAYRA HAZENETH 14-11-2023.xlsx -> 00 (contenido)
2025-09-29 16:54:16,172 - WARNING - [ThreadPoolExecutor-0_0] - process_file:952 - Archivo pendiente de revisar: EVALUACIÓN DE DESEMPEÑO 2025 DIANA MILENA BURITICA JARAMILLO.pdf -> baja_confianza
2025-09-29 16:54:16,855 - WARNING - [ThreadPoolExecutor-0_0] - classify_file:675 - ELIMINACIÓN INMEDIATA: Categoría 03 eliminada por contenido con 'hoja de vida': 21. AFILIACION CCF MAYRA BERNAL.pdf
2025-09-29 16:54:17,751 - WARNING - [ThreadPoolExecutor-0_0] - classify_file:729 - ELIMINACIÓN INMEDIATA: Categoría 03 eliminada por OCR con 'hoja de vida': 21. AFILIACION CCF MAYRA BERNAL.pdf
2025-09-29 16:54:17,887 - INFO - [ThreadPoolExecutor-0_0] - process_file:954 - Archivo procesado: 21. AFILIACION CCF MAYRA BERNAL.pdf -> 07 (contenido)
2025-09-29 16:54:18,871 - INFO - [ThreadPoolExecutor-0_0] - classify_file:667 - Código de formato detectado en contenido: GAF-JTH-SST-PD-07-FT-02 -> Categoría 24 en 26.4 Recomendaciones MAYRA HAZENETH BERNAL FORERO.pdf
2025-09-29 16:54:19,968 - INFO - [ThreadPoolExecutor-0_0] - classify_file:721 - Código de formato detectado en OCR: GAF-JTH-SST-PD-07-FT-02 -> Categoría 24 en 26.4 Recomendaciones MAYRA HAZENETH BERNAL FORERO.pdf
2025-09-29 16:54:20,220 - INFO - [ThreadPoolExecutor-0_0] - process_file:954 - Archivo procesado: 26.4 Recomendaciones MAYRA HAZENETH BERNAL FORERO.pdf -> 24 (contenido)
2025-09-29 16:54:20,552 - INFO - [ThreadPoolExecutor-0_0] - classify_file:667 - Código de formato detectado en contenido: GAF-JTH-PD-Ol-FT-03 -> Categoría 19 en 23. SOPORTE INDUCCIÓN REINDUCCIÓN - MAYRA BERNAL.pdf
2025-09-29 16:54:21,469 - INFO - [ThreadPoolExecutor-0_0] - classify_file:721 - Código de formato detectado en OCR: GAF-JTH-PD-Ol-FT-03 -> Categoría 19 en 23. SOPORTE INDUCCIÓN REINDUCCIÓN - MAYRA BERNAL.pdf
2025-09-29 16:54:21,644 - INFO - [ThreadPoolExecutor-0_0] - process_file:954 - Archivo procesado: 23. SOPORTE INDUCCIÓN REINDUCCIÓN - MAYRA BERNAL.pdf -> 19 (contenido)
2025-09-29 16:54:21,746 - INFO - [ThreadPoolExecutor-0_0] - process_file:954 - Archivo procesado: 13. DECLARACIÓN NO INHABILIDAD MAYRA BERNAL.pdf -> 22 (contenido)
2025-09-29 16:54:23,912 - WARNING - [ThreadPoolExecutor-0_4] - classify_file:675 - ELIMINACIÓN INMEDIATA: Categoría 03 eliminada por contenido con 'hoja de vida': DIANA MILENA BURITICA JARAMILLO CC 1013590392.pdf
2025-09-29 16:54:25,414 - DEBUG - [ThreadPoolExecutor-0_5] - extract_text_with_ocr:339 - OCR exitoso en imagen: 17. FOTO.jpg (33 chars)
2025-09-29 16:54:25,571 - INFO - [ThreadPoolExecutor-0_5] - process_file:954 - Archivo procesado: 17. FOTO.jpg -> 20 (nombre_archivo)
2025-09-29 16:54:25,701 - DEBUG - [ThreadPoolExecutor-0_3] - extract_text_with_ocr:324 - OCR exitoso en PDF: 8. CERT. ANTECEDENTES PONAL MAYRA BERNAL.pdf (1610 chars)
2025-09-29 16:54:25,704 - WARNING - [ThreadPoolExecutor-0_3] - classify_file:780 - Penalización por ambigüedad: -6 puntos para 8. CERT. ANTECEDENTES PONAL MAYRA BERNAL.pdf
2025-09-29 16:54:25,732 - INFO - [ThreadPoolExecutor-0_3] - process_file:954 - Archivo procesado: 8. CERT. ANTECEDENTES PONAL MAYRA BERNAL.pdf -> 10 (ocr)
2025-09-29 16:54:26,015 - WARNING - [ThreadPoolExecutor-0_4] - classify_file:729 - ELIMINACIÓN INMEDIATA: Categoría 03 eliminada por OCR con 'hoja de vida': DIANA MILENA BURITICA JARAMILLO CC 1013590392.pdf
2025-09-29 16:54:26,077 - INFO - [ThreadPoolExecutor-0_4] - process_file:954 - Archivo procesado: DIANA MILENA BURITICA JARAMILLO CC 1013590392.pdf -> 19 (contenido)
2025-09-29 16:54:26,456 - INFO - [ThreadPoolExecutor-0_5] - classify_file:667 - Código de formato detectado en contenido: GAF-JTH-PD-02-FT-07 -> Categoría 28 en 26.1 EVALUACIÓN PERIODO DE PRUEBA MAYRA BERNAL.pdf
2025-09-29 16:54:28,251 - INFO - [ThreadPoolExecutor-0_5] - classify_file:721 - Código de formato detectado en OCR: GAF-JTH-PD-02-FT-07 -> Categoría 28 en 26.1 EVALUACIÓN PERIODO DE PRUEBA MAYRA BERNAL.pdf
2025-09-29 16:54:28,312 - INFO - [ThreadPoolExecutor-0_5] - process_file:954 - Archivo procesado: 26.1 EVALUACIÓN PERIODO DE PRUEBA MAYRA BERNAL.pdf -> 28 (contenido)
2025-09-29 16:54:29,269 - DEBUG - [ThreadPoolExecutor-0_1] - extract_text_with_ocr:324 - OCR exitoso en PDF: Copia de Descripción y perfil de cargo Asistente Administrativa.pdf (4739 chars)
2025-09-29 16:54:29,388 - INFO - [ThreadPoolExecutor-0_1] - process_file:954 - Archivo procesado: Copia de Descripción y perfil de cargo Asistente Administrativa.pdf -> 27 (ocr)
2025-09-29 16:54:29,738 - INFO - [ThreadPoolExecutor-0_5] - classify_file:667 - Código de formato detectado en contenido: GTE-PD-05-FT-01 -> Categoría 21 en 12. FORMATO TRATAMIENTO DATOS MAYRA BERNAL.pdf
2025-09-29 16:54:30,725 - DEBUG - [ThreadPoolExecutor-0_0] - extract_text_with_ocr:324 - OCR exitoso en PDF: 7. CERT. ANTECEDENTES CGR MAYRA BERNAL.pdf (1240 chars)
2025-09-29 16:54:30,728 - WARNING - [ThreadPoolExecutor-0_0] - classify_file:792 - Archivo sin clasificar (37 < 40): 7. CERT. ANTECEDENTES CGR MAYRA BERNAL.pdf
2025-09-29 16:54:30,994 - WARNING - [ThreadPoolExecutor-0_0] - process_file:952 - Archivo pendiente de revisar: 7. CERT. ANTECEDENTES CGR MAYRA BERNAL.pdf -> baja_confianza
2025-09-29 16:54:31,401 - INFO - [ThreadPoolExecutor-0_5] - classify_file:721 - Código de formato detectado en OCR: GTE-PD-05-FT-01 -> Categoría 21 en 12. FORMATO TRATAMIENTO DATOS MAYRA BERNAL.pdf
2025-09-29 16:54:31,538 - INFO - [ThreadPoolExecutor-0_5] - process_file:954 - Archivo procesado: 12. FORMATO TRATAMIENTO DATOS MAYRA BERNAL.pdf -> 21 (contenido)
2025-09-29 16:54:31,565 - INFO - [ThreadPoolExecutor-0_1] - process_file:954 - Archivo procesado: 20. AFILIACION ARL MAYRA BERNAL.pdf -> 06 (contenido)
2025-09-29 16:54:32,257 - INFO - [ThreadPoolExecutor-0_4] - process_file:954 - Archivo procesado: 26.2 RUT MAYRA BERNAL.pdf -> 10 (contenido)
2025-09-29 16:54:32,465 - INFO - [ThreadPoolExecutor-0_5] - process_file:954 - Archivo procesado: 14. CARTA AUTORIZACION MAYRA BERNAL.pdf -> 10 (contenido)
2025-09-29 16:54:33,080 - INFO - [ThreadPoolExecutor-0_1] - classify_file:667 - Código de formato detectado en contenido: GRH-PD-02-FT-07 -> Categoría 01 en 1.REQUISICION DE PERSONAL-COORDINADORA DE COMUNICACIONES INTERNAS.pdf
2025-09-29 16:54:33,960 - INFO - [ThreadPoolExecutor-0_4] - classify_file:667 - Código de formato detectado en contenido: GAF-JTH-SST-PD-07-FT-02 -> Categoría 24 en 26. CARTA RECOMENDACIONES MÉDICAS MAYRA BERNAL.pdf
2025-09-29 16:54:34,189 - WARNING - [ThreadPoolExecutor-0_0] - classify_file:780 - Penalización por ambigüedad: -6 puntos para 22. CONTRATO - COORDINADORA DE COMUNICACION INTERNA.pdf
2025-09-29 16:54:34,206 - WARNING - [ThreadPoolExecutor-0_0] - classify_file:792 - Archivo sin clasificar (38 < 40): 22. CONTRATO - COORDINADORA DE COMUNICACION INTERNA.pdf
2025-09-29 16:54:34,292 - WARNING - [ThreadPoolExecutor-0_0] - process_file:952 - Archivo pendiente de revisar: 22. CONTRATO - COORDINADORA DE COMUNICACION INTERNA.pdf -> baja_confianza
2025-09-29 16:54:35,331 - INFO - [ThreadPoolExecutor-0_4] - classify_file:721 - Código de formato detectado en OCR: GAF-JTH-SST-PD-07-FT-02 -> Categoría 24 en 26. CARTA RECOMENDACIONES MÉDICAS MAYRA BERNAL.pdf
2025-09-29 16:54:35,394 - INFO - [ThreadPoolExecutor-0_4] - process_file:954 - Archivo procesado: 26. CARTA RECOMENDACIONES MÉDICAS MAYRA BERNAL.pdf -> 24 (contenido)
2025-09-29 16:54:35,983 - INFO - [ThreadPoolExecutor-0_1] - classify_file:721 - Código de formato detectado en OCR: GRH-PD-02-FT-07 -> Categoría 01 en 1.REQUISICION DE PERSONAL-COORDINADORA DE COMUNICACIONES INTERNAS.pdf
2025-09-29 16:54:36,067 - INFO - [ThreadPoolExecutor-0_1] - process_file:954 - Archivo procesado: 1.REQUISICION DE PERSONAL-COORDINADORA DE COMUNICACIONES INTERNAS.pdf -> 01 (contenido)
2025-09-29 16:55:10,571 - DEBUG - [ThreadPoolExecutor-0_5] - extract_text_with_ocr:324 - OCR exitoso en PDF: 19. CERT. FP MAYRA BERNAL.pdf (749 chars)
2025-09-29 16:55:10,580 - WARNING - [ThreadPoolExecutor-0_5] - classify_file:780 - Penalización por ambigüedad: -6 puntos para 19. CERT. FP MAYRA BERNAL.pdf
2025-09-29 16:55:10,581 - INFO - [ThreadPoolExecutor-0_5] - process_file:954 - Archivo procesado: 19. CERT. FP MAYRA BERNAL.pdf -> 08 (ocr)
2025-09-29 16:55:10,998 - INFO - [ThreadPoolExecutor-0_5] - process_file:954 - Archivo procesado: AFILIACION  FNA MAYRA BERNAL.pdf -> 10 (contenido)
2025-09-29 16:55:17,128 - WARNING - [ThreadPoolExecutor-0_5] - classify_file:792 - Archivo sin clasificar (13 < 15): 18. AFILIACION COMPENSAR MAYRA BERNAL.pdf
2025-09-29 16:55:17,133 - WARNING - [ThreadPoolExecutor-0_5] - process_file:952 - Archivo pendiente de revisar: 18. AFILIACION COMPENSAR MAYRA BERNAL.pdf -> baja_confianza
2025-09-29 16:55:17,348 - INFO - [ThreadPoolExecutor-0_5] - classify_file:667 - Código de formato detectado en contenido: GAF-JTH-PD-02-FT-07 -> Categoría 28 en VACACIONES DISFRUTADAS MAYRA BERNAL JUN2024.pdf
2025-09-29 16:55:17,649 - INFO - [ThreadPoolExecutor-0_5] - classify_file:721 - Código de formato detectado en OCR: GAF-JTH-PD-02-FT-07 -> Categoría 28 en VACACIONES DISFRUTADAS MAYRA BERNAL JUN2024.pdf
2025-09-29 16:55:17,651 - INFO - [ThreadPoolExecutor-0_5] - process_file:954 - Archivo procesado: VACACIONES DISFRUTADAS MAYRA BERNAL JUN2024.pdf -> 28 (contenido)
2025-09-29 16:55:18,069 - INFO - [ThreadPoolExecutor-0_5] - classify_file:667 - Código de formato detectado en contenido: GAF-JTH-SST-PD-07-FT-02 -> Categoría 24 en 26.5 Recomendaciones CRISTIAN DAVID FORERO ALVAREZ.pdf
2025-09-29 16:55:18,818 - INFO - [ThreadPoolExecutor-0_5] - classify_file:721 - Código de formato detectado en OCR: GAF-JTH-SST-PD-07-FT-02 -> Categoría 24 en 26.5 Recomendaciones CRISTIAN DAVID FORERO ALVAREZ.pdf
2025-09-29 16:55:18,823 - INFO - [ThreadPoolExecutor-0_5] - process_file:954 - Archivo procesado: 26.5 Recomendaciones CRISTIAN DAVID FORERO ALVAREZ.pdf -> 24 (contenido)
2025-09-29 16:55:23,765 - DEBUG - [ThreadPoolExecutor-0_0] - extract_text_with_ocr:324 - OCR exitoso en PDF: 3. CERTIFICADOS DE ESTUDIO MAYRA BERNAL.pdf (565 chars)
2025-09-29 16:55:23,816 - WARNING - [ThreadPoolExecutor-0_0] - classify_file:792 - Archivo sin clasificar (29 < 40): 3. CERTIFICADOS DE ESTUDIO MAYRA BERNAL.pdf
2025-09-29 16:55:23,859 - WARNING - [ThreadPoolExecutor-0_0] - process_file:952 - Archivo pendiente de revisar: 3. CERTIFICADOS DE ESTUDIO MAYRA BERNAL.pdf -> baja_confianza
2025-09-29 16:55:23,865 - WARNING - [ThreadPoolExecutor-0_0] - classify_file:574 - ELIMINACIÓN INMEDIATA: Categoría 03 eliminada por contener 'hoja de vida' en nombre de archivo: 2. HOJA DE VIDA MAYRA BERNAL.pdf
2025-09-29 16:55:24,787 - INFO - [ThreadPoolExecutor-0_0] - classify_file:667 - Código de formato detectado en contenido: GRH-PD-02-FT-02 -> Categoría 02 en 2. HOJA DE VIDA MAYRA BERNAL.pdf
2025-09-29 16:55:24,788 - WARNING - [ThreadPoolExecutor-0_0] - classify_file:675 - ELIMINACIÓN INMEDIATA: Categoría 03 eliminada por contenido con 'hoja de vida': 2. HOJA DE VIDA MAYRA BERNAL.pdf
2025-09-29 16:55:25,718 - DEBUG - [ThreadPoolExecutor-0_4] - extract_text_with_ocr:324 - OCR exitoso en PDF: 9. CERT. MEDIDAS CORRECTIVAS MAYRA BERNAL.pdf (1242 chars)
2025-09-29 16:55:25,730 - WARNING - [ThreadPoolExecutor-0_4] - classify_file:780 - Penalización por ambigüedad: -6 puntos para 9. CERT. MEDIDAS CORRECTIVAS MAYRA BERNAL.pdf
2025-09-29 16:55:25,739 - INFO - [ThreadPoolExecutor-0_4] - process_file:954 - Archivo procesado: 9. CERT. MEDIDAS CORRECTIVAS MAYRA BERNAL.pdf -> 15 (ocr)
2025-09-29 16:55:25,750 - DEBUG - [ThreadPoolExecutor-0_1] - extract_text_with_ocr:324 - OCR exitoso en PDF: 5. FOTOCOPIA CC MAYRA BERNAL.pdf (346 chars)
2025-09-29 16:55:25,770 - INFO - [ThreadPoolExecutor-0_1] - process_file:954 - Archivo procesado: 5. FOTOCOPIA CC MAYRA BERNAL.pdf -> 10 (ocr)
2025-09-29 16:55:25,976 - INFO - [ThreadPoolExecutor-0_0] - classify_file:721 - Código de formato detectado en OCR: GRH-PD-02-FT-02 -> Categoría 02 en 2. HOJA DE VIDA MAYRA BERNAL.pdf
2025-09-29 16:55:26,037 - WARNING - [ThreadPoolExecutor-0_0] - classify_file:729 - ELIMINACIÓN INMEDIATA: Categoría 03 eliminada por OCR con 'hoja de vida': 2. HOJA DE VIDA MAYRA BERNAL.pdf
2025-09-29 16:55:26,084 - INFO - [ThreadPoolExecutor-0_0] - process_file:954 - Archivo procesado: 2. HOJA DE VIDA MAYRA BERNAL.pdf -> 02 (contenido)
2025-09-29 16:55:26,361 - INFO - [ThreadPoolExecutor-0_1] - process_file:954 - Archivo procesado: 10. CERT. BANCARIA MAYRA BERNAL.pdf -> 10 (contenido)
2025-09-29 16:55:27,307 - DEBUG - [ThreadPoolExecutor-0_2] - extract_text_with_ocr:324 - OCR exitoso en PDF: Copia de Buritica Jaramillo Diana Milena.pdf (2436 chars)
2025-09-29 16:55:27,311 - WARNING - [ThreadPoolExecutor-0_2] - classify_file:729 - ELIMINACIÓN INMEDIATA: Categoría 03 eliminada por OCR con 'hoja de vida': Copia de Buritica Jaramillo Diana Milena.pdf
2025-09-29 16:55:27,439 - INFO - [ThreadPoolExecutor-0_1] - classify_file:667 - Código de formato detectado en contenido: GRH-PD-02-FT-02 -> Categoría 02 en 1.1 FORMATO DOCUMENTOS DE INGRESO Vr.3.pdf
2025-09-29 16:55:27,528 - INFO - [ThreadPoolExecutor-0_1] - classify_file:667 - Código de formato detectado en contenido: GTE-PD-05-FT-01 -> Categoría 21 en 1.1 FORMATO DOCUMENTOS DE INGRESO Vr.3.pdf
2025-09-29 16:55:27,544 - WARNING - [ThreadPoolExecutor-0_1] - classify_file:675 - ELIMINACIÓN INMEDIATA: Categoría 03 eliminada por contenido con 'hoja de vida': 1.1 FORMATO DOCUMENTOS DE INGRESO Vr.3.pdf
2025-09-29 16:55:27,544 - INFO - [ThreadPoolExecutor-0_2] - process_file:954 - Archivo procesado: Copia de Buritica Jaramillo Diana Milena.pdf -> 02 (ocr)
2025-09-29 16:55:27,564 - DEBUG - [ThreadPoolExecutor-0_3] - extract_text_with_ocr:324 - OCR exitoso en PDF: 24. Carnets Vacunación Mayra Bernal Forero.pdf (1761 chars)
2025-09-29 16:55:27,632 - WARNING - [ThreadPoolExecutor-0_3] - classify_file:792 - Archivo sin clasificar (29 < 40): 24. Carnets Vacunación Mayra Bernal Forero.pdf
2025-09-29 16:55:27,705 - WARNING - [ThreadPoolExecutor-0_3] - process_file:952 - Archivo pendiente de revisar: 24. Carnets Vacunación Mayra Bernal Forero.pdf -> baja_confianza
2025-09-29 16:55:28,513 - INFO - [ThreadPoolExecutor-0_1] - classify_file:721 - Código de formato detectado en OCR: GRH-PD-02-FT-02 -> Categoría 02 en 1.1 FORMATO DOCUMENTOS DE INGRESO Vr.3.pdf
2025-09-29 16:55:28,522 - INFO - [ThreadPoolExecutor-0_1] - classify_file:721 - Código de formato detectado en OCR: GTE-PD-05-FT-01 -> Categoría 21 en 1.1 FORMATO DOCUMENTOS DE INGRESO Vr.3.pdf
2025-09-29 16:55:28,523 - WARNING - [ThreadPoolExecutor-0_1] - classify_file:729 - ELIMINACIÓN INMEDIATA: Categoría 03 eliminada por OCR con 'hoja de vida': 1.1 FORMATO DOCUMENTOS DE INGRESO Vr.3.pdf
2025-09-29 16:55:28,529 - WARNING - [ThreadPoolExecutor-0_1] - classify_file:780 - Penalización por ambigüedad: -6 puntos para 1.1 FORMATO DOCUMENTOS DE INGRESO Vr.3.pdf
2025-09-29 16:55:28,633 - INFO - [ThreadPoolExecutor-0_1] - process_file:954 - Archivo procesado: 1.1 FORMATO DOCUMENTOS DE INGRESO Vr.3.pdf -> 02 (contenido)
2025-09-29 16:55:28,665 - INFO - [ThreadPoolExecutor-0_4] - process_file:954 - Archivo procesado: 26.3 Concepto MAYRA HAZENETH BERNAL FORERO.PDF -> 24 (contenido)
2025-09-29 16:55:28,728 - WARNING - [ThreadPoolExecutor-0_0] - classify_file:675 - ELIMINACIÓN INMEDIATA: Categoría 03 eliminada por contenido con 'hoja de vida': 1 GAF-PD-09-FT-04 - FORMATO CHECK LIST - EXPEDIENTE LABORAL Vr.1 (1) (1).xlsx
2025-09-29 16:55:28,735 - INFO - [ThreadPoolExecutor-0_0] - process_file:954 - Archivo procesado: 1 GAF-PD-09-FT-04 - FORMATO CHECK LIST - EXPEDIENTE LABORAL Vr.1 (1) (1).xlsx -> 00 (contenido)
2025-09-29 16:55:28,958 - INFO - [ThreadPoolExecutor-0_3] - process_file:954 - Archivo procesado: CERT. AUDITOR INTERNO ISO-IEC27001 MAYRA HAZENETH BERNAL FORERO.pdf -> 03 (contenido)
2025-09-29 16:55:29,811 - WARNING - [ThreadPoolExecutor-0_2] - classify_file:780 - Penalización por ambigüedad: -6 puntos para CERT. CURSO REDACCIÓN, ORTOGRAFÍA MAY2025 MAYRA HAZENETH BERNAL FORERO.pdf
2025-09-29 16:55:29,820 - INFO - [ThreadPoolExecutor-0_2] - process_file:954 - Archivo procesado: CERT. CURSO REDACCIÓN, ORTOGRAFÍA MAY2025 MAYRA HAZENETH BERNAL FORERO.pdf -> 03 (contenido)
2025-09-29 16:55:30,075 - WARNING - [ThreadPoolExecutor-0_1] - classify_file:780 - Penalización por ambigüedad: -6 puntos para MAYRA HAZENETH BERNAL FORERO CERT. HERRAMIENTAS GOOGLE 2025.pdf
2025-09-29 16:55:30,076 - INFO - [ThreadPoolExecutor-0_2] - process_file:954 - Archivo procesado: INCAPACIDAD MAYRA BERNAL SEPT2023.pdf -> 27 (carpeta_padre)
2025-09-29 16:55:30,077 - INFO - [ThreadPoolExecutor-0_1] - process_file:954 - Archivo procesado: MAYRA HAZENETH BERNAL FORERO CERT. HERRAMIENTAS GOOGLE 2025.pdf -> 03 (contenido)
2025-09-29 16:55:30,245 - INFO - [ThreadPoolExecutor-0_2] - classify_file:667 - Código de formato detectado en contenido: GAF-JTH-PD-02-FT-02 -> Categoría 25 en PERMISO POR CUMPLEAÑOS MAYRA BERNAL 31-05-2024.pdf
2025-09-29 16:55:30,627 - INFO - [ThreadPoolExecutor-0_2] - classify_file:721 - Código de formato detectado en OCR: GAF-JTH-PD-02-FT-02 -> Categoría 25 en PERMISO POR CUMPLEAÑOS MAYRA BERNAL 31-05-2024.pdf
2025-09-29 16:55:30,683 - INFO - [ThreadPoolExecutor-0_2] - process_file:954 - Archivo procesado: PERMISO POR CUMPLEAÑOS MAYRA BERNAL 31-05-2024.pdf -> 25 (carpeta_padre)
2025-09-29 16:55:30,709 - INFO - [ThreadPoolExecutor-0_1] - classify_file:667 - Código de formato detectado en contenido: GAF-JTH-PD-02-FT-02 -> Categoría 25 en DÍA DE LA FAMILIA MAYRA BERNAL 07-07-2025.pdf
2025-09-29 16:55:31,008 - INFO - [ThreadPoolExecutor-0_2] - classify_file:667 - Código de formato detectado en contenido: GAF-JTH-PD-02-FT-02 -> Categoría 25 en PERMISO POR ESTUDIO MAYRA BERNAL JUNIO-JULIO 2025 CURSO 27000.pdf
2025-09-29 16:55:31,100 - INFO - [ThreadPoolExecutor-0_1] - classify_file:721 - Código de formato detectado en OCR: GAF-JTH-PD-02-FT-02 -> Categoría 25 en DÍA DE LA FAMILIA MAYRA BERNAL 07-07-2025.pdf
2025-09-29 16:55:31,104 - INFO - [ThreadPoolExecutor-0_1] - process_file:954 - Archivo procesado: DÍA DE LA FAMILIA MAYRA BERNAL 07-07-2025.pdf -> 25 (carpeta_padre)
2025-09-29 16:55:31,374 - INFO - [ThreadPoolExecutor-0_2] - classify_file:721 - Código de formato detectado en OCR: GAF-JTH-PD-02-FT-02 -> Categoría 25 en PERMISO POR ESTUDIO MAYRA BERNAL JUNIO-JULIO 2025 CURSO 27000.pdf
2025-09-29 16:55:31,378 - INFO - [ThreadPoolExecutor-0_2] - process_file:954 - Archivo procesado: PERMISO POR ESTUDIO MAYRA BERNAL JUNIO-JULIO 2025 CURSO 27000.pdf -> 25 (carpeta_padre)
2025-09-29 16:55:31,706 - INFO - [ThreadPoolExecutor-0_2] - classify_file:667 - Código de formato detectado en contenido: GAF-JTH-PD-02-FT-02 -> Categoría 25 en DÍA DE LA FAMILIA II-2023 MAYRA BERNAL 15-12-2023.pdf
2025-09-29 16:55:31,740 - INFO - [ThreadPoolExecutor-0_1] - classify_file:667 - Código de formato detectado en contenido: GAF-JTH-PD-02-FT-02 -> Categoría 25 en PERMISO POR ASUNTOS PERSONALES MAYRA BERNAL 11-07-2025.pdf
2025-09-29 16:55:32,259 - INFO - [ThreadPoolExecutor-0_2] - classify_file:721 - Código de formato detectado en OCR: GAF-JTH-PD-02-FT-02 -> Categoría 25 en DÍA DE LA FAMILIA II-2023 MAYRA BERNAL 15-12-2023.pdf
2025-09-29 16:55:32,266 - INFO - [ThreadPoolExecutor-0_2] - process_file:954 - Archivo procesado: DÍA DE LA FAMILIA II-2023 MAYRA BERNAL 15-12-2023.pdf -> 25 (carpeta_padre)
2025-09-29 16:55:33,157 - INFO - [ThreadPoolExecutor-0_1] - classify_file:721 - Código de formato detectado en OCR: GAF-JTH-PD-02-FT-02 -> Categoría 25 en PERMISO POR ASUNTOS PERSONALES MAYRA BERNAL 11-07-2025.pdf
2025-09-29 16:55:33,195 - INFO - [ThreadPoolExecutor-0_1] - process_file:954 - Archivo procesado: PERMISO POR ASUNTOS PERSONALES MAYRA BERNAL 11-07-2025.pdf -> 25 (carpeta_padre)
2025-09-29 16:55:33,235 - INFO - [ThreadPoolExecutor-0_2] - classify_file:667 - Código de formato detectado en contenido: GAF-JTH-PD-02-FT-02 -> Categoría 25 en PERMISO POR CITA MÉDICA MAYRA BERNAL 31-03-2025.pdf
2025-09-29 16:55:34,190 - INFO - [ThreadPoolExecutor-0_2] - classify_file:721 - Código de formato detectado en OCR: GAF-JTH-PD-02-FT-02 -> Categoría 25 en PERMISO POR CITA MÉDICA MAYRA BERNAL 31-03-2025.pdf
2025-09-29 16:55:34,202 - INFO - [ThreadPoolExecutor-0_2] - process_file:954 - Archivo procesado: PERMISO POR CITA MÉDICA MAYRA BERNAL 31-03-2025.pdf -> 25 (carpeta_padre)
2025-09-29 16:55:34,356 - INFO - [ThreadPoolExecutor-0_1] - classify_file:667 - Código de formato detectado en contenido: GAF-JTH-PD-02-FT-02 -> Categoría 25 en TEC MAYRA BERNAL 02-04-2025.pdf
2025-09-29 16:55:35,160 - INFO - [ThreadPoolExecutor-0_2] - classify_file:667 - Código de formato detectado en contenido: GAF-JTH-PD-02-FT-02 -> Categoría 25 en PERMISO POR ASUNTOS FAMILIARES MAYRA BERNAL 25-06-2025_2.pdf
2025-09-29 16:55:36,306 - INFO - [ThreadPoolExecutor-0_1] - classify_file:721 - Código de formato detectado en OCR: GAF-JTH-PD-02-FT-02 -> Categoría 25 en TEC MAYRA BERNAL 02-04-2025.pdf
2025-09-29 16:55:36,323 - INFO - [ThreadPoolExecutor-0_1] - process_file:954 - Archivo procesado: TEC MAYRA BERNAL 02-04-2025.pdf -> 25 (carpeta_padre)
2025-09-29 16:55:36,589 - INFO - [ThreadPoolExecutor-0_2] - classify_file:721 - Código de formato detectado en OCR: GAF-JTH-PD-02-FT-02 -> Categoría 25 en PERMISO POR ASUNTOS FAMILIARES MAYRA BERNAL 25-06-2025_2.pdf
2025-09-29 16:55:36,597 - INFO - [ThreadPoolExecutor-0_2] - process_file:954 - Archivo procesado: PERMISO POR ASUNTOS FAMILIARES MAYRA BERNAL 25-06-2025_2.pdf -> 25 (carpeta_padre)
2025-09-29 16:55:37,265 - INFO - [ThreadPoolExecutor-0_1] - classify_file:667 - Código de formato detectado en contenido: GAF-JTH-PD-02-FT-02 -> Categoría 25 en DÍA DE LA FAMILIA MAYRA BERNAL 16-08-2024.pdf
2025-09-29 16:55:37,450 - INFO - [ThreadPoolExecutor-0_2] - classify_file:667 - Código de formato detectado en contenido: GAF-JTH-PD-02-FT-02 -> Categoría 25 en PERMISO POR CUMPLEAÑOS MAYRA BERNAL 07-05-2025.pdf
2025-09-29 16:55:38,797 - INFO - [ThreadPoolExecutor-0_1] - classify_file:721 - Código de formato detectado en OCR: GAF-JTH-PD-02-FT-02 -> Categoría 25 en DÍA DE LA FAMILIA MAYRA BERNAL 16-08-2024.pdf
2025-09-29 16:55:38,798 - INFO - [ThreadPoolExecutor-0_1] - process_file:954 - Archivo procesado: DÍA DE LA FAMILIA MAYRA BERNAL 16-08-2024.pdf -> 25 (carpeta_padre)
2025-09-29 16:55:38,831 - INFO - [ThreadPoolExecutor-0_2] - classify_file:721 - Código de formato detectado en OCR: GAF-JTH-PD-02-FT-02 -> Categoría 25 en PERMISO POR CUMPLEAÑOS MAYRA BERNAL 07-05-2025.pdf
2025-09-29 16:55:38,841 - INFO - [ThreadPoolExecutor-0_2] - process_file:954 - Archivo procesado: PERMISO POR CUMPLEAÑOS MAYRA BERNAL 07-05-2025.pdf -> 25 (carpeta_padre)
2025-09-29 16:55:39,662 - INFO - [ThreadPoolExecutor-0_1] - classify_file:667 - Código de formato detectado en contenido: GAF-JTH-PD-02-FT-02 -> Categoría 25 en PERMISO POR CITA MÉDICA MAYRA BERNAL 22-04-2025.pdf
2025-09-29 16:55:39,782 - INFO - [ThreadPoolExecutor-0_2] - classify_file:667 - Código de formato detectado en contenido: GAF-JTH-PD-02-FT-02 -> Categoría 25 en PERMISO POR ASUNTOS PERSONALES MAYRA BERNAL 25-06-2025_2.pdf
2025-09-29 16:55:40,797 - INFO - [ThreadPoolExecutor-0_1] - classify_file:721 - Código de formato detectado en OCR: GAF-JTH-PD-02-FT-02 -> Categoría 25 en PERMISO POR CITA MÉDICA MAYRA BERNAL 22-04-2025.pdf
2025-09-29 16:55:40,807 - INFO - [ThreadPoolExecutor-0_1] - process_file:954 - Archivo procesado: PERMISO POR CITA MÉDICA MAYRA BERNAL 22-04-2025.pdf -> 25 (carpeta_padre)
2025-09-29 16:55:40,921 - INFO - [ThreadPoolExecutor-0_2] - classify_file:721 - Código de formato detectado en OCR: GAF-JTH-PD-02-FT-02 -> Categoría 25 en PERMISO POR ASUNTOS PERSONALES MAYRA BERNAL 25-06-2025_2.pdf
2025-09-29 16:55:40,928 - INFO - [ThreadPoolExecutor-0_2] - process_file:954 - Archivo procesado: PERMISO POR ASUNTOS PERSONALES MAYRA BERNAL 25-06-2025_2.pdf -> 25 (carpeta_padre)
2025-09-29 16:55:41,376 - INFO - [ThreadPoolExecutor-0_2] - classify_file:667 - Código de formato detectado en contenido: GAF-JTH-PD-02-FT-08 -> Categoría 32 en ACTUALIZACION FORMATO DEDUCCION RTE FTE 2024 MAYRA BERNAL.pdf
2025-09-29 16:55:42,473 - INFO - [ThreadPoolExecutor-0_2] - classify_file:721 - Código de formato detectado en OCR: GAF-JTH-PD-02-FT-08 -> Categoría 32 en ACTUALIZACION FORMATO DEDUCCION RTE FTE 2024 MAYRA BERNAL.pdf
2025-09-29 16:55:42,485 - INFO - [ThreadPoolExecutor-0_2] - process_file:954 - Archivo procesado: ACTUALIZACION FORMATO DEDUCCION RTE FTE 2024 MAYRA BERNAL.pdf -> 32 (carpeta_padre)
2025-09-29 16:55:42,919 - INFO - [ThreadPoolExecutor-0_2] - classify_file:667 - Código de formato detectado en contenido: GAF-JTH-PD-02-FT-08 -> Categoría 32 en ACTUALIZACION DEDUCCION RTE FTE 2023 MAYRA BERNAL.pdf
2025-09-29 16:55:42,976 - WARNING - [ThreadPoolExecutor-0_1] - classify_file:780 - Penalización por ambigüedad: -6 puntos para CERTIFICACION LABORAL MAYRA BERNAL 30-12-2024.pdf
2025-09-29 16:55:42,983 - INFO - [ThreadPoolExecutor-0_1] - process_file:954 - Archivo procesado: CERTIFICACION LABORAL MAYRA BERNAL 30-12-2024.pdf -> 31 (carpeta_padre)
2025-09-29 16:55:43,401 - INFO - [ThreadPoolExecutor-0_1] - classify_file:667 - Código de formato detectado en contenido: GAF-JTH-PD-02-FT-07 -> Categoría 28 en VACACIONES DISFRUTADAS MAYRA BERNAL 19-08-2025 AL 20-08-2025.pdf
2025-09-29 16:55:43,959 - INFO - [ThreadPoolExecutor-0_1] - classify_file:721 - Código de formato detectado en OCR: GAF-JTH-PD-02-FT-07 -> Categoría 28 en VACACIONES DISFRUTADAS MAYRA BERNAL 19-08-2025 AL 20-08-2025.pdf
2025-09-29 16:55:43,962 - INFO - [ThreadPoolExecutor-0_2] - classify_file:721 - Código de formato detectado en OCR: GAF-JTH-PD-02-FT-08 -> Categoría 32 en ACTUALIZACION DEDUCCION RTE FTE 2023 MAYRA BERNAL.pdf
2025-09-29 16:55:43,968 - INFO - [ThreadPoolExecutor-0_2] - process_file:954 - Archivo procesado: ACTUALIZACION DEDUCCION RTE FTE 2023 MAYRA BERNAL.pdf -> 32 (carpeta_padre)
2025-09-29 16:55:43,969 - INFO - [ThreadPoolExecutor-0_1] - process_file:954 - Archivo procesado: VACACIONES DISFRUTADAS MAYRA BERNAL 19-08-2025 AL 20-08-2025.pdf -> 28 (carpeta_padre)
2025-09-29 16:55:43,970 - INFO - [ThreadPoolExecutor-0_1] - process_file:898 - Archivo duplicado: VACACIONES DISFRUTADAS MAYRA BERNAL JUN2024.pdf
2025-09-29 16:55:44,341 - INFO - [ThreadPoolExecutor-0_2] - classify_file:667 - Código de formato detectado en contenido: GAF-JTH-PD-02-FT-07 -> Categoría 28 en VACACIONES DISFRUTADAS MAYRA BERNAL OCT-NOV2024.pdf
2025-09-29 16:55:44,845 - DEBUG - [ThreadPoolExecutor-0_0] - extract_text_with_ocr:324 - OCR exitoso en PDF: INCAPACIDAD MAYRA BERNAL NÓMINA MAYO2023.pdf (660 chars)
2025-09-29 16:55:44,873 - INFO - [ThreadPoolExecutor-0_0] - process_file:954 - Archivo procesado: INCAPACIDAD MAYRA BERNAL NÓMINA MAYO2023.pdf -> 27 (carpeta_padre)
2025-09-29 16:55:45,099 - INFO - [ThreadPoolExecutor-0_2] - classify_file:721 - Código de formato detectado en OCR: GAF-JTH-PD-02-FT-07 -> Categoría 28 en VACACIONES DISFRUTADAS MAYRA BERNAL OCT-NOV2024.pdf
2025-09-29 16:55:45,117 - INFO - [ThreadPoolExecutor-0_2] - process_file:954 - Archivo procesado: VACACIONES DISFRUTADAS MAYRA BERNAL OCT-NOV2024.pdf -> 28 (carpeta_padre)
2025-09-29 16:55:46,345 - INFO - [ThreadPoolExecutor-0_0] - process_file:954 - Archivo procesado: ENCARGO MAYRA BERNAL SEPT2024.pdf -> 29 (carpeta_padre)
2025-09-29 16:55:46,566 - INFO - [ThreadPoolExecutor-0_2] - process_file:954 - Archivo procesado: ENCARGO MAYRA BERNAL DIC2024 ENE2025.pdf -> 29 (carpeta_padre)
2025-09-29 16:55:47,266 - DEBUG - [ThreadPoolExecutor-0_4] - extract_text_with_ocr:324 - OCR exitoso en PDF: INCAPACIDAD MAYRA BERNAL NOV Y DIC2024.pdf (1159 chars)
2025-09-29 16:55:47,327 - INFO - [ThreadPoolExecutor-0_4] - process_file:954 - Archivo procesado: INCAPACIDAD MAYRA BERNAL NOV Y DIC2024.pdf -> 27 (carpeta_padre)
2025-09-29 16:55:47,902 - INFO - [ThreadPoolExecutor-0_0] - process_file:954 - Archivo procesado: ENCARGO MAYRA BERNAL MAY2024.pdf -> 29 (carpeta_padre)
2025-09-29 16:55:47,920 - DEBUG - [ThreadPoolExecutor-0_3] - extract_text_with_ocr:324 - OCR exitoso en PDF: INCAPACIDAD MAYRA BERNAL ABR2025.pdf (629 chars)
2025-09-29 16:55:48,143 - INFO - [ThreadPoolExecutor-0_3] - process_file:954 - Archivo procesado: INCAPACIDAD MAYRA BERNAL ABR2025.pdf -> 27 (carpeta_padre)
2025-09-29 16:55:48,378 - INFO - [ThreadPoolExecutor-0_2] - process_file:954 - Archivo procesado: ENCARGO MAYRA BERNAL AGOS2024.pdf -> 29 (carpeta_padre)
2025-09-29 16:55:48,384 - WARNING - [ThreadPoolExecutor-0_1] - classify_file:792 - Archivo sin clasificar (13 < 15): EVALUACIÓN DE DESEMPEÑO 2025 MAYRA HAZENETH BERNAL FORERO.pdf
2025-09-29 16:55:48,411 - WARNING - [ThreadPoolExecutor-0_1] - process_file:952 - Archivo pendiente de revisar: EVALUACIÓN DE DESEMPEÑO 2025 MAYRA HAZENETH BERNAL FORERO.pdf -> baja_confianza
2025-09-29 16:55:48,573 - DEBUG - [ThreadPoolExecutor-0_5] - extract_text_with_ocr:324 - OCR exitoso en PDF: 6. CERT. ANTECEDENTES PGR MAYRA BERNAL.pdf (2544 chars)
2025-09-29 16:55:48,576 - WARNING - [ThreadPoolExecutor-0_5] - classify_file:792 - Archivo sin clasificar (27 < 40): 6. CERT. ANTECEDENTES PGR MAYRA BERNAL.pdf
2025-09-29 16:55:48,626 - WARNING - [ThreadPoolExecutor-0_5] - process_file:952 - Archivo pendiente de revisar: 6. CERT. ANTECEDENTES PGR MAYRA BERNAL.pdf -> baja_confianza
2025-09-29 16:55:49,070 - WARNING - [ThreadPoolExecutor-0_5] - classify_file:675 - ELIMINACIÓN INMEDIATA: Categoría 03 eliminada por contenido con 'hoja de vida': 21. CCF WILLIAM DAVID BAUTISTA.pdf
2025-09-29 16:55:49,114 - INFO - [ThreadPoolExecutor-0_3] - process_file:954 - Archivo procesado: RECOMENDACIONES MÉDICAS 2025  BERNAL FORERO MAYRA HAZENETH_CC52931297.pdf -> 24 (contenido)
2025-09-29 16:55:49,119 - INFO - [ThreadPoolExecutor-0_4] - process_file:954 - Archivo procesado: ENCARGO  MAYRA BERNAL OCT2024.pdf -> 29 (carpeta_padre)
2025-09-29 16:55:49,267 - WARNING - [ThreadPoolExecutor-0_1] - classify_file:675 - ELIMINACIÓN INMEDIATA: Categoría 03 eliminada por contenido con 'hoja de vida': 0. GAF-JTH-PD-02-FT-06- Formato de Lista de Chequeo- Expediente Laboral (2).xlsx
2025-09-29 16:55:49,355 - INFO - [ThreadPoolExecutor-0_1] - process_file:954 - Archivo procesado: 0. GAF-JTH-PD-02-FT-06- Formato de Lista de Chequeo- Expediente Laboral (2).xlsx -> 00 (contenido)
2025-09-29 16:55:49,494 - WARNING - [ThreadPoolExecutor-0_5] - classify_file:729 - ELIMINACIÓN INMEDIATA: Categoría 03 eliminada por OCR con 'hoja de vida': 21. CCF WILLIAM DAVID BAUTISTA.pdf
2025-09-29 16:55:49,633 - INFO - [ThreadPoolExecutor-0_5] - process_file:954 - Archivo procesado: 21. CCF WILLIAM DAVID BAUTISTA.pdf -> 07 (contenido)
2025-09-29 16:55:49,921 - INFO - [ThreadPoolExecutor-0_0] - process_file:954 - Archivo procesado: EXÁMEN MÉDICO PERIODICO 2025 BERNAL FORERO MAYRA HAZENETH_CC52931297.pdf -> 24 (contenido)
2025-09-29 16:55:50,147 - WARNING - [ThreadPoolExecutor-0_2] - classify_file:792 - Archivo sin clasificar (39 < 40): OTROSI- JEFE DE DESCENTRALIZACIÓN - WILLIAM BAUTISTA..pdf
2025-09-29 16:55:50,328 - WARNING - [ThreadPoolExecutor-0_2] - process_file:952 - Archivo pendiente de revisar: OTROSI- JEFE DE DESCENTRALIZACIÓN - WILLIAM BAUTISTA..pdf -> baja_confianza
2025-09-29 16:55:50,487 - WARNING - [ThreadPoolExecutor-0_3] - classify_file:792 - Archivo sin clasificar (39 < 40): 4.1. CERTIFICACIÓN CONTRATO 805 DE 2023.pdf
2025-09-29 16:55:50,625 - WARNING - [ThreadPoolExecutor-0_3] - process_file:952 - Archivo pendiente de revisar: 4.1. CERTIFICACIÓN CONTRATO 805 DE 2023.pdf -> baja_confianza
2025-09-29 16:55:50,803 - INFO - [ThreadPoolExecutor-0_1] - process_file:954 - Archivo procesado: 18. Afiliaicón efectiva EPS COMPENSAR.pdf -> 05 (contenido)
2025-09-29 16:55:51,139 - WARNING - [ThreadPoolExecutor-0_4] - classify_file:780 - Penalización por ambigüedad: -6 puntos para 9. Certificado RNMC.pdf
2025-09-29 16:55:51,189 - INFO - [ThreadPoolExecutor-0_4] - process_file:954 - Archivo procesado: 9. Certificado RNMC.pdf -> 15 (contenido)
2025-09-29 16:55:51,370 - WARNING - [ThreadPoolExecutor-0_5] - classify_file:792 - Archivo sin clasificar (13 < 15): 20. ARL BAUTISTA MARULANDA WILLIAM.pdf
2025-09-29 16:55:51,375 - WARNING - [ThreadPoolExecutor-0_1] - classify_file:574 - ELIMINACIÓN INMEDIATA: Categoría 03 eliminada por contener 'hoja de vida' en nombre de archivo: 2. GAF-JTH-PD-01-FT-02 - Formato Hoja de Vida Única Vr.3 WDBM.pdf
2025-09-29 16:55:51,383 - WARNING - [ThreadPoolExecutor-0_5] - process_file:952 - Archivo pendiente de revisar: 20. ARL BAUTISTA MARULANDA WILLIAM.pdf -> baja_confianza
2025-09-29 16:55:51,597 - INFO - [ThreadPoolExecutor-0_2] - process_file:954 - Archivo procesado: 13. GAF-JTH-PD-01-FT-05 - Formato de inhabilidad, incompatibilidad y conflicto de interés WDBM.pdf -> 22 (contenido)
2025-09-29 16:55:51,836 - WARNING - [ThreadPoolExecutor-0_1] - classify_file:675 - ELIMINACIÓN INMEDIATA: Categoría 03 eliminada por contenido con 'hoja de vida': 2. GAF-JTH-PD-01-FT-02 - Formato Hoja de Vida Única Vr.3 WDBM.pdf
2025-09-29 16:55:52,429 - INFO - [ThreadPoolExecutor-0_0] - process_file:954 - Archivo procesado: 23.1 Inducción al cargo - Señor William David Bautista Marulanda.pdf -> 19 (contenido)
2025-09-29 16:55:52,451 - WARNING - [ThreadPoolExecutor-0_2] - classify_file:792 - Archivo sin clasificar (39 < 40): 14. CARTA AFILIACIÓN.pdf
2025-09-29 16:55:52,453 - WARNING - [ThreadPoolExecutor-0_2] - process_file:952 - Archivo pendiente de revisar: 14. CARTA AFILIACIÓN.pdf -> baja_confianza
2025-09-29 16:55:52,989 - WARNING - [ThreadPoolExecutor-0_1] - classify_file:729 - ELIMINACIÓN INMEDIATA: Categoría 03 eliminada por OCR con 'hoja de vida': 2. GAF-JTH-PD-01-FT-02 - Formato Hoja de Vida Única Vr.3 WDBM.pdf
2025-09-29 16:55:53,051 - INFO - [ThreadPoolExecutor-0_1] - process_file:954 - Archivo procesado: 2. GAF-JTH-PD-01-FT-02 - Formato Hoja de Vida Única Vr.3 WDBM.pdf -> 02 (contenido)
2025-09-29 16:55:53,758 - WARNING - [ThreadPoolExecutor-0_2] - classify_file:792 - Archivo sin clasificar (39 < 40): 4.3. CERTIFICACIÓN CONTRATO 136 DE 2023.pdf
2025-09-29 16:55:53,867 - WARNING - [ThreadPoolExecutor-0_2] - process_file:952 - Archivo pendiente de revisar: 4.3. CERTIFICACIÓN CONTRATO 136 DE 2023.pdf -> baja_confianza
2025-09-29 16:55:53,995 - INFO - [ThreadPoolExecutor-0_2] - classify_file:553 - Código de formato detectado: GAF-JTH-PD-01-FT-08 -> Categoría 39 en 01 GAF-JTH-PD-01-FT-08 Formato Análisis de formación y experiencia.xlsx
2025-09-29 16:55:54,376 - WARNING - [ThreadPoolExecutor-0_4] - classify_file:792 - Archivo sin clasificar (39 < 40): 4.5 Certificado contrato 178 de 2020.pdf
2025-09-29 16:55:54,393 - INFO - [ThreadPoolExecutor-0_0] - process_file:954 - Archivo procesado: 18. Solicitud afiliación EPS William Bautista.pdf -> 05 (contenido)
2025-09-29 16:55:54,394 - WARNING - [ThreadPoolExecutor-0_4] - process_file:952 - Archivo pendiente de revisar: 4.5 Certificado contrato 178 de 2020.pdf -> baja_confianza
2025-09-29 16:55:54,715 - INFO - [ThreadPoolExecutor-0_2] - classify_file:667 - Código de formato detectado en contenido: GAF-JTH-PD-01-FT-08 -> Categoría 39 en 01 GAF-JTH-PD-01-FT-08 Formato Análisis de formación y experiencia.xlsx
2025-09-29 16:55:54,717 - INFO - [ThreadPoolExecutor-0_2] - process_file:954 - Archivo procesado: 01 GAF-JTH-PD-01-FT-08 Formato Análisis de formación y experiencia.xlsx -> 39 (contenido)
2025-09-29 16:55:55,342 - INFO - [ThreadPoolExecutor-0_2] - process_file:954 - Archivo procesado: 25. Concepto WILLIAM DAVID BAUTISTA MARULANDA.PDF -> 24 (contenido)
2025-09-29 16:55:55,440 - WARNING - [ThreadPoolExecutor-0_1] - classify_file:792 - Archivo sin clasificar (39 < 40): 4.6 Certificado contrato 482 de 2019.pdf
2025-09-29 16:55:55,443 - WARNING - [ThreadPoolExecutor-0_1] - process_file:952 - Archivo pendiente de revisar: 4.6 Certificado contrato 482 de 2019.pdf -> baja_confianza
2025-09-29 16:55:55,592 - WARNING - [ThreadPoolExecutor-0_2] - classify_file:780 - Penalización por ambigüedad: -6 puntos para 18. certificado afiliación EPS.pdf
2025-09-29 16:55:55,594 - INFO - [ThreadPoolExecutor-0_2] - process_file:954 - Archivo procesado: 18. certificado afiliación EPS.pdf -> 05 (contenido)
2025-09-29 16:55:55,618 - INFO - [ThreadPoolExecutor-0_2] - process_file:954 - Archivo procesado: 18.3 170_900644713_REPORTE DE NOVEDADES  COMPENSAR_2-02-2024 5.15.41 p. m._RTA.xlsx -> 32 (nombre_archivo)
2025-09-29 16:55:56,205 - WARNING - [ThreadPoolExecutor-0_2] - classify_file:792 - Archivo sin clasificar (39 < 40): 4.4 Certificado contrato 393 de 2021.pdf
2025-09-29 16:55:56,206 - WARNING - [ThreadPoolExecutor-0_2] - process_file:952 - Archivo pendiente de revisar: 4.4 Certificado contrato 393 de 2021.pdf -> baja_confianza
2025-09-29 16:55:56,373 - INFO - [ThreadPoolExecutor-0_2] - classify_file:667 - Código de formato detectado en contenido: GAF-JTH-SST-PD-07-FT-02 -> Categoría 24 en 25.1 Entrega Recomendaciones Medicas WILLIAM DAVID BAUTISTA MARULANDA.pdf
2025-09-29 16:55:56,741 - INFO - [ThreadPoolExecutor-0_2] - classify_file:721 - Código de formato detectado en OCR: GAF-JTH-SST-PD-07-FT-02 -> Categoría 24 en 25.1 Entrega Recomendaciones Medicas WILLIAM DAVID BAUTISTA MARULANDA.pdf
2025-09-29 16:55:56,743 - INFO - [ThreadPoolExecutor-0_2] - process_file:954 - Archivo procesado: 25.1 Entrega Recomendaciones Medicas WILLIAM DAVID BAUTISTA MARULANDA.pdf -> 24 (contenido)
2025-09-29 16:55:57,179 - INFO - [ThreadPoolExecutor-0_2] - process_file:954 - Archivo procesado: 26. GAF-JTH-PD-01-FT-09- Formato Evaluación Periodo de Prueba - William David Bautista Marulanda.pdf -> 23 (contenido)
2025-09-29 16:55:57,357 - WARNING - [ThreadPoolExecutor-0_2] - classify_file:780 - Penalización por ambigüedad: -12 puntos para 19. CertificadoAfiliacion pensión.pdf
2025-09-29 16:55:57,359 - INFO - [ThreadPoolExecutor-0_2] - process_file:954 - Archivo procesado: 19. CertificadoAfiliacion pensión.pdf -> 08 (contenido)
2025-09-29 16:55:57,849 - DEBUG - [ThreadPoolExecutor-0_3] - extract_text_with_ocr:324 - OCR exitoso en PDF: 3.4. Titulo bachiller.pdf (655 chars)
2025-09-29 16:55:57,861 - WARNING - [ThreadPoolExecutor-0_3] - classify_file:792 - Archivo sin clasificar (29 < 40): 3.4. Titulo bachiller.pdf
2025-09-29 16:55:57,871 - WARNING - [ThreadPoolExecutor-0_3] - process_file:952 - Archivo pendiente de revisar: 3.4. Titulo bachiller.pdf -> baja_confianza
2025-09-29 16:55:57,893 - WARNING - [ThreadPoolExecutor-0_2] - classify_file:780 - Penalización por ambigüedad: -6 puntos para 6. Certificado Procuraduria (2).pdf
2025-09-29 16:55:57,898 - INFO - [ThreadPoolExecutor-0_2] - process_file:954 - Archivo procesado: 6. Certificado Procuraduria (2).pdf -> 12 (contenido)
2025-09-29 16:55:58,517 - INFO - [ThreadPoolExecutor-0_3] - classify_file:667 - Código de formato detectado en contenido: GAF-JTH-PD-01-FT-04 -> Categoría 00 en 23.2 Informe de Selección William David Bautista - Coordinador Especializado de Asistencia Técnica Sectorial.pdf
2025-09-29 16:55:58,517 - WARNING - [ThreadPoolExecutor-0_3] - classify_file:675 - ELIMINACIÓN INMEDIATA: Categoría 03 eliminada por contenido con 'hoja de vida': 23.2 Informe de Selección William David Bautista - Coordinador Especializado de Asistencia Técnica Sectorial.pdf
2025-09-29 16:55:59,201 - DEBUG - [ThreadPoolExecutor-0_2] - extract_text_with_ocr:339 - OCR exitoso en imagen: 17. Foto.jpeg (17 chars)
2025-09-29 16:55:59,217 - INFO - [ThreadPoolExecutor-0_2] - process_file:954 - Archivo procesado: 17. Foto.jpeg -> 20 (nombre_archivo)
2025-09-29 16:56:00,115 - INFO - [ThreadPoolExecutor-0_3] - classify_file:721 - Código de formato detectado en OCR: GAF-JTH-PD-01-FT-04 -> Categoría 00 en 23.2 Informe de Selección William David Bautista - Coordinador Especializado de Asistencia Técnica Sectorial.pdf
2025-09-29 16:56:00,125 - WARNING - [ThreadPoolExecutor-0_3] - classify_file:729 - ELIMINACIÓN INMEDIATA: Categoría 03 eliminada por OCR con 'hoja de vida': 23.2 Informe de Selección William David Bautista - Coordinador Especializado de Asistencia Técnica Sectorial.pdf
2025-09-29 16:56:00,127 - INFO - [ThreadPoolExecutor-0_3] - process_file:954 - Archivo procesado: 23.2 Informe de Selección William David Bautista - Coordinador Especializado de Asistencia Técnica Sectorial.pdf -> 00 (contenido)
2025-09-29 16:56:00,997 - WARNING - [ThreadPoolExecutor-0_2] - classify_file:792 - Archivo sin clasificar (39 < 40): 4.2. CERTIFICACIÓN CONTRATO 065 DE 2022.pdf
2025-09-29 16:56:00,997 - WARNING - [ThreadPoolExecutor-0_2] - process_file:952 - Archivo pendiente de revisar: 4.2. CERTIFICACIÓN CONTRATO 065 DE 2022.pdf -> baja_confianza
2025-09-29 16:56:01,534 - DEBUG - [ThreadPoolExecutor-0_4] - extract_text_with_ocr:324 - OCR exitoso en PDF: 3.3.  Titulo Ing Industrial.pdf (580 chars)
2025-09-29 16:56:01,543 - INFO - [ThreadPoolExecutor-0_4] - process_file:954 - Archivo procesado: 3.3.  Titulo Ing Industrial.pdf -> 03 (ocr)
2025-09-29 16:57:28,835 - DEBUG - [ThreadPoolExecutor-0_0] - extract_text_with_ocr:324 - OCR exitoso en PDF: 4.8 Certificación contrato 340 de 2018.pdf (2379 chars)
2025-09-29 16:57:28,843 - WARNING - [ThreadPoolExecutor-0_0] - classify_file:792 - Archivo sin clasificar (24 < 40): 4.8 Certificación contrato 340 de 2018.pdf
2025-09-29 16:57:28,847 - WARNING - [ThreadPoolExecutor-0_0] - process_file:952 - Archivo pendiente de revisar: 4.8 Certificación contrato 340 de 2018.pdf -> baja_confianza
2025-09-29 16:57:29,388 - WARNING - [ThreadPoolExecutor-0_0] - classify_file:780 - Penalización por ambigüedad: -9 puntos para 10. Certificado bancario.pdf
2025-09-29 16:57:29,391 - WARNING - [ThreadPoolExecutor-0_0] - classify_file:788 - Empate después de penalizaciones en ['03', '04', '13'] para: 10. Certificado bancario.pdf
2025-09-29 16:57:29,392 - WARNING - [ThreadPoolExecutor-0_0] - process_file:952 - Archivo pendiente de revisar: 10. Certificado bancario.pdf -> empate_post_penalizacion
2025-09-29 16:57:31,051 - WARNING - [ThreadPoolExecutor-0_0] - classify_file:780 - Penalización por ambigüedad: -6 puntos para 22. CONTRATO WILLIAM DAVID BAUTISTA MARULANDA.Firmado.pdf
2025-09-29 16:57:31,055 - INFO - [ThreadPoolExecutor-0_0] - process_file:954 - Archivo procesado: 22. CONTRATO WILLIAM DAVID BAUTISTA MARULANDA.Firmado.pdf -> 09 (contenido)
2025-09-29 16:57:32,150 - INFO - [ThreadPoolExecutor-0_0] - process_file:954 - Archivo procesado: 1. Requisición de Personal - Coordinador(a) Especializado(a) de Asistencia Técnica Sectorial (1.pdf -> 01 (contenido)
2025-09-29 16:57:41,742 - DEBUG - [ThreadPoolExecutor-0_1] - extract_text_with_ocr:324 - OCR exitoso en PDF: 4.10 Certificación contrato 264 de 2016.pdf (3062 chars)
2025-09-29 16:57:41,760 - WARNING - [ThreadPoolExecutor-0_1] - classify_file:792 - Archivo sin clasificar (24 < 40): 4.10 Certificación contrato 264 de 2016.pdf
2025-09-29 16:57:41,770 - WARNING - [ThreadPoolExecutor-0_1] - process_file:952 - Archivo pendiente de revisar: 4.10 Certificación contrato 264 de 2016.pdf -> baja_confianza
2025-09-29 16:57:42,136 - INFO - [ThreadPoolExecutor-0_1] - process_file:954 - Archivo procesado: 23. Formato de Inducción William Bautista.pdf -> 19 (contenido)
2025-09-29 16:57:45,932 - DEBUG - [ThreadPoolExecutor-0_5] - extract_text_with_ocr:324 - OCR exitoso en PDF: 4.12. certificación F Contrato 2133513 de 2014.pdf (4278 chars)
2025-09-29 16:57:46,002 - WARNING - [ThreadPoolExecutor-0_5] - classify_file:792 - Archivo sin clasificar (24 < 40): 4.12. certificación F Contrato 2133513 de 2014.pdf
2025-09-29 16:57:46,005 - WARNING - [ThreadPoolExecutor-0_5] - process_file:952 - Archivo pendiente de revisar: 4.12. certificación F Contrato 2133513 de 2014.pdf -> baja_confianza
2025-09-29 16:57:47,366 - WARNING - [ThreadPoolExecutor-0_5] - classify_file:780 - Penalización por ambigüedad: -6 puntos para 8. Certificado Policía Nacional de Colombia (1).pdf
2025-09-29 16:57:47,367 - INFO - [ThreadPoolExecutor-0_5] - process_file:954 - Archivo procesado: 8. Certificado Policía Nacional de Colombia (1).pdf -> 14 (contenido)
2025-09-29 16:57:47,817 - WARNING - [ThreadPoolExecutor-0_5] - classify_file:780 - Penalización por ambigüedad: -6 puntos para 7. Certificado Contraloría.pdf
2025-09-29 16:57:47,817 - WARNING - [ThreadPoolExecutor-0_5] - classify_file:792 - Archivo sin clasificar (38 < 40): 7. Certificado Contraloría.pdf
2025-09-29 16:57:47,818 - WARNING - [ThreadPoolExecutor-0_5] - process_file:952 - Archivo pendiente de revisar: 7. Certificado Contraloría.pdf -> baja_confianza
2025-09-29 16:58:07,096 - DEBUG - [ThreadPoolExecutor-0_2] - extract_text_with_ocr:324 - OCR exitoso en PDF: 4.9 Certificación contrato 137 de 2017.pdf (3053 chars)
2025-09-29 16:58:07,138 - WARNING - [ThreadPoolExecutor-0_2] - classify_file:792 - Archivo sin clasificar (24 < 40): 4.9 Certificación contrato 137 de 2017.pdf
2025-09-29 16:58:07,139 - WARNING - [ThreadPoolExecutor-0_2] - process_file:952 - Archivo pendiente de revisar: 4.9 Certificación contrato 137 de 2017.pdf -> baja_confianza
2025-09-29 16:58:08,760 - INFO - [ThreadPoolExecutor-0_2] - process_file:954 - Archivo procesado: 3.1. - TÍTULO MBA.pdf -> 03 (contenido)
2025-09-29 16:58:32,666 - DEBUG - [ThreadPoolExecutor-0_0] - extract_text_with_ocr:324 - OCR exitoso en PDF: 11- Tarjeta profesional.pdf (436 chars)
2025-09-29 16:58:32,669 - INFO - [ThreadPoolExecutor-0_0] - process_file:954 - Archivo procesado: 11- Tarjeta profesional.pdf -> 18 (nombre_archivo)
2025-09-29 16:58:35,631 - DEBUG - [ThreadPoolExecutor-0_3] - extract_text_with_ocr:324 - OCR exitoso en PDF: 4.15. funciones y terminación fia.pdf (3185 chars)
2025-09-29 16:58:35,640 - WARNING - [ThreadPoolExecutor-0_3] - classify_file:792 - Archivo sin clasificar (24 < 40): 4.15. funciones y terminación fia.pdf
2025-09-29 16:58:35,646 - WARNING - [ThreadPoolExecutor-0_3] - process_file:952 - Archivo pendiente de revisar: 4.15. funciones y terminación fia.pdf -> baja_confianza
2025-09-29 16:59:00,785 - DEBUG - [ThreadPoolExecutor-0_1] - extract_text_with_ocr:324 - OCR exitoso en PDF: 5. Cedula de ciudadania (1).pdf (734 chars)
2025-09-29 16:59:00,798 - INFO - [ThreadPoolExecutor-0_1] - process_file:954 - Archivo procesado: 5. Cedula de ciudadania (1).pdf -> 10 (ocr)
2025-09-29 16:59:03,288 - INFO - [ThreadPoolExecutor-0_1] - process_file:954 - Archivo procesado: 12. GAF-JA-CT-PD-05-FT-01 FORMATO AUTORIZACIÓN PARA EL TRATAMIENTO DE DATOS PERSONALES Vr.2 WDBM.pdf -> 21 (contenido)
2025-09-29 16:59:04,886 - WARNING - [ThreadPoolExecutor-0_1] - classify_file:780 - Penalización por ambigüedad: -6 puntos para WILLIAM DAVID BAUTISTA MARULANDACERT. HERRAMIENTAS GOOGLE 2025.pdf
2025-09-29 16:59:04,891 - INFO - [ThreadPoolExecutor-0_1] - process_file:954 - Archivo procesado: WILLIAM DAVID BAUTISTA MARULANDACERT. HERRAMIENTAS GOOGLE 2025.pdf -> 03 (contenido)
2025-09-29 16:59:07,512 - DEBUG - [ThreadPoolExecutor-0_5] - extract_text_with_ocr:324 - OCR exitoso en PDF: 3.2.  Titulo especialización.pdf (489 chars)
2025-09-29 16:59:07,517 - WARNING - [ThreadPoolExecutor-0_5] - classify_file:792 - Archivo sin clasificar (0 < 15): 3.2.  Titulo especialización.pdf
2025-09-29 16:59:07,517 - WARNING - [ThreadPoolExecutor-0_5] - process_file:952 - Archivo pendiente de revisar: 3.2.  Titulo especialización.pdf -> sin_coincidencias
2025-09-29 16:59:08,757 - WARNING - [ThreadPoolExecutor-0_5] - classify_file:780 - Penalización por ambigüedad: -6 puntos para VERIFICACIÓN DE TÍTULO Bautista Marulanda William David.pdf
2025-09-29 16:59:08,758 - INFO - [ThreadPoolExecutor-0_5] - process_file:954 - Archivo procesado: VERIFICACIÓN DE TÍTULO Bautista Marulanda William David.pdf -> 03 (contenido)
2025-09-29 16:59:09,452 - INFO - [ThreadPoolExecutor-0_5] - process_file:954 - Archivo procesado: Posgrado WILLIAM DAVID BAUTISTA MARULANDA.pdf -> 03 (contenido)
2025-09-29 16:59:10,036 - INFO - [ThreadPoolExecutor-0_5] - process_file:954 - Archivo procesado: ENCARGO WILLIAM BAUTISTA DESDE 09-06-2025.pdf -> 29 (carpeta_padre)
2025-09-29 16:59:10,486 - INFO - [ThreadPoolExecutor-0_5] - classify_file:667 - Código de formato detectado en contenido: GAF-JTH-PD-02-FT-07 -> Categoría 28 en VACACIONES DISFRUTADAS CARLOS BAUTISTA NOV2024.pdf
2025-09-29 16:59:11,325 - INFO - [ThreadPoolExecutor-0_5] - classify_file:721 - Código de formato detectado en OCR: GAF-JTH-PD-02-FT-07 -> Categoría 28 en VACACIONES DISFRUTADAS CARLOS BAUTISTA NOV2024.pdf
2025-09-29 16:59:11,332 - INFO - [ThreadPoolExecutor-0_5] - process_file:954 - Archivo procesado: VACACIONES DISFRUTADAS CARLOS BAUTISTA NOV2024.pdf -> 28 (carpeta_padre)
2025-09-29 16:59:13,331 - INFO - [ThreadPoolExecutor-0_5] - process_file:954 - Archivo procesado: INCAPACIDAD WILLIAM BAUTISTA FEB2025.pdf -> 27 (carpeta_padre)
2025-09-29 16:59:13,838 - INFO - [ThreadPoolExecutor-0_5] - classify_file:667 - Código de formato detectado en contenido: GAF-JTH-PD-02-FT-02 -> Categoría 25 en PERMISO POR CUMPLEAÑOS WILLIAM BAUTISTA 04-06-2024.pdf
2025-09-29 16:59:14,644 - INFO - [ThreadPoolExecutor-0_5] - classify_file:721 - Código de formato detectado en OCR: GAF-JTH-PD-02-FT-02 -> Categoría 25 en PERMISO POR CUMPLEAÑOS WILLIAM BAUTISTA 04-06-2024.pdf
2025-09-29 16:59:14,653 - INFO - [ThreadPoolExecutor-0_5] - process_file:954 - Archivo procesado: PERMISO POR CUMPLEAÑOS WILLIAM BAUTISTA 04-06-2024.pdf -> 25 (carpeta_padre)
2025-09-29 16:59:15,280 - WARNING - [ThreadPoolExecutor-0_5] - classify_file:792 - Archivo sin clasificar (39 < 40): CERTIFICACIÓN LABORAL CON FUNCIONES WILLIAM BAUTISTA 17-02-2025.pdf
2025-09-29 16:59:15,281 - WARNING - [ThreadPoolExecutor-0_5] - process_file:952 - Archivo pendiente de revisar: CERTIFICACIÓN LABORAL CON FUNCIONES WILLIAM BAUTISTA 17-02-2025.pdf -> baja_confianza
2025-09-29 16:59:22,509 - DEBUG - [ThreadPoolExecutor-0_1] - extract_text_with_ocr:324 - OCR exitoso en PDF: VERIFICACIÓN DE TÍTULO WILLIAM BAUTISTA  MAG.pdf (532 chars)
2025-09-29 16:59:22,512 - WARNING - [ThreadPoolExecutor-0_1] - classify_file:792 - Archivo sin clasificar (24 < 40): VERIFICACIÓN DE TÍTULO WILLIAM BAUTISTA  MAG.pdf
2025-09-29 16:59:22,517 - WARNING - [ThreadPoolExecutor-0_1] - process_file:952 - Archivo pendiente de revisar: VERIFICACIÓN DE TÍTULO WILLIAM BAUTISTA  MAG.pdf -> baja_confianza
2025-09-29 16:59:26,715 - DEBUG - [ThreadPoolExecutor-0_4] - extract_text_with_ocr:324 - OCR exitoso en PDF: 4.14 certificación F Contrato 2124015 DE 2012.pdf (4605 chars)
2025-09-29 16:59:26,729 - WARNING - [ThreadPoolExecutor-0_4] - classify_file:792 - Archivo sin clasificar (27 < 40): 4.14 certificación F Contrato 2124015 DE 2012.pdf
2025-09-29 16:59:26,731 - WARNING - [ThreadPoolExecutor-0_4] - process_file:952 - Archivo pendiente de revisar: 4.14 certificación F Contrato 2124015 DE 2012.pdf -> baja_confianza
2025-09-29 16:59:28,847 - DEBUG - [ThreadPoolExecutor-0_3] - extract_text_with_ocr:324 - OCR exitoso en PDF: 4.7 Certificación Contrato 145 de 2019.pdf (2311 chars)
2025-09-29 16:59:28,855 - WARNING - [ThreadPoolExecutor-0_3] - classify_file:792 - Archivo sin clasificar (24 < 40): 4.7 Certificación Contrato 145 de 2019.pdf
2025-09-29 16:59:28,859 - WARNING - [ThreadPoolExecutor-0_3] - process_file:952 - Archivo pendiente de revisar: 4.7 Certificación Contrato 145 de 2019.pdf -> baja_confianza
2025-09-29 16:59:29,572 - DEBUG - [ThreadPoolExecutor-0_2] - extract_text_with_ocr:324 - OCR exitoso en PDF: 4.11 Certificación contrato 276 de 2015.pdf (3013 chars)
2025-09-29 16:59:29,576 - WARNING - [ThreadPoolExecutor-0_2] - classify_file:792 - Archivo sin clasificar (24 < 40): 4.11 Certificación contrato 276 de 2015.pdf
2025-09-29 16:59:29,577 - WARNING - [ThreadPoolExecutor-0_2] - process_file:952 - Archivo pendiente de revisar: 4.11 Certificación contrato 276 de 2015.pdf -> baja_confianza
2025-09-29 16:59:29,983 - DEBUG - [ThreadPoolExecutor-0_0] - extract_text_with_ocr:324 - OCR exitoso en PDF: 4.13 certificación F Contrato 2130538 de 2013.pdf (4280 chars)
2025-09-29 16:59:29,991 - WARNING - [ThreadPoolExecutor-0_0] - classify_file:792 - Archivo sin clasificar (24 < 40): 4.13 certificación F Contrato 2130538 de 2013.pdf
2025-09-29 16:59:29,992 - WARNING - [ThreadPoolExecutor-0_0] - process_file:952 - Archivo pendiente de revisar: 4.13 certificación F Contrato 2130538 de 2013.pdf -> baja_confianza
2025-09-29 16:59:30,002 - INFO - [MainThread] - save_results_csv:1023 - Resultados guardados en: resultados.csv
